,Compound,Date,Negative,Neutral,News Channel,Positive,Tweet,Tweets Ago
0,-0.7845,Fri Jan 12 19:33:04 +0000 2018,0.465,0.535,@BBC,0.0,The day I accidentally killed a little boy. https://t.co/QvHrUFLJic https://t.co/r3YCMYGeDs,1
1,-0.7506,Fri Jan 12 19:00:07 +0000 2018,0.652,0.348,@BBC,0.0,"In the endless winter night, terrifying monsters haunt Iceland's caves and mountains. üò±üëπ https://t.co/cwZdBQGjct",2
2,-0.4404,Fri Jan 12 18:33:03 +0000 2018,0.818,0.182,@BBC,0.0,"Tonight, @CharltonBrooker, @ScarlettMoffatt and @Pearlie_mack talk pet hates and peeves. üôÖ

#Room101 | 8:30pm |‚Ä¶ https://t.co/3ydAdVcULC",3
3,0.4404,Fri Jan 12 17:58:03 +0000 2018,0.854,0.0,@BBC,0.146,"'Kids are easy to manage... you just lie to them.' üòÇ

@SindhuVFunny on how to raise children. üëâ‚Ä¶ https://t.co/QZuCvxhQr2",4
4,0.0,Fri Jan 12 17:30:07 +0000 2018,1.0,0.0,@BBC,0.0,"Errs
Yer
Dinner

On the table in just minutes üòÇ
https://t.co/BDG2qj8QGf",5
5,0.0,Fri Jan 12 17:00:05 +0000 2018,1.0,0.0,@BBC,0.0,Astronomers have caught a massive black hole letting out a 'double burp' after bingeing on hot gas.‚Ä¶ https://t.co/kvjvjFcO41,6
6,0.0,Fri Jan 12 16:40:51 +0000 2018,1.0,0.0,@BBC,0.0,Where does the money go from the 5p plastic bag charge? üõç https://t.co/H3UjuZqd3I https://t.co/4DxREaZtZh,7
7,0.3612,Fri Jan 12 15:00:02 +0000 2018,0.884,0.0,@BBC,0.116,"The Queen reveals what it's actually like to take a ride in the Gold State Coach. üëë 

#TheCoronation is on @BBCOne‚Ä¶ https://t.co/16H4OnOSCh",8
8,-0.128,Fri Jan 12 14:03:03 +0000 2018,0.681,0.173,@BBC,0.147,How Grace Kelly went from being the family failure to Hollywood royalty. ‚ú®üé¨ üëë https://t.co/iIXtfmNCew https://t.co/sURkXsNWcl,9
9,0.481,Fri Jan 12 13:39:17 +0000 2018,0.852,0.0,@BBC,0.148,"RT @BBCBargainHunt: Oh look, a ring. Oh look, it's got your name on it‚Ä¶ 
SURPRISE PROPOSAL! üíç‚ù§Ô∏è

#bbcbargainhunt #bargainhunt https://t.co/‚Ä¶",10
10,0.4391,Fri Jan 12 13:30:04 +0000 2018,0.804,0.0,@BBC,0.196,"'Second chances are really important to me'. 

üé∂ @JohnLegend explains what Bob Marley‚Äôs Redemption Song means to hi‚Ä¶ https://t.co/NnbZVnWXqK",11
11,0.6486,Fri Jan 12 13:24:30 +0000 2018,0.782,0.0,@BBC,0.218,RT @bbcmusic: #SoundOf2018 Winner @thisissigrid treated us to an exclusive performance in her hometown of √Ölesund in Norway earlier this mo‚Ä¶,12
12,0.0,Fri Jan 12 13:24:15 +0000 2018,1.0,0.0,@BBC,0.0,RT @bbcworldservice: McDonald's is the only thing that would get this Nigerian TV presenter to come back to the UK. https://t.co/C7r81iT937,13
13,0.3612,Fri Jan 12 13:23:54 +0000 2018,0.898,0.0,@BBC,0.102,"RT @BBCBreakfast: The Queen has given a rare interview to the @BBC, revealing what it was like at her Coronation 65 years ago. https://t.co‚Ä¶",14
14,0.2263,Fri Jan 12 13:23:47 +0000 2018,0.772,0.097,@BBC,0.131,RT @TWBBC: Alice Lee was fighting sexism in science over a century ago. @Utafrith tells @ProfBrianCox why Alice is her inspiration for @roy‚Ä¶,15
15,0.3818,Fri Jan 12 13:23:40 +0000 2018,0.822,0.0,@BBC,0.178,"RT @bbcmusic: üíô@DuaLipa unleashes visually stunning video for 'IDGAF' ‚ù§Ô∏è
Watch üëâ https://t.co/cCOdxNstUx https://t.co/n8XGs50w5b",16
16,0.0,Fri Jan 12 13:06:44 +0000 2018,1.0,0.0,@BBC,0.0,RT @bbcworldservice: Why do astronauts get taller in space? https://t.co/uXtAGkYTkE,17
17,0.0,Fri Jan 12 13:04:04 +0000 2018,1.0,0.0,@BBC,0.0,Move over Nessie! Here are 5 things you might not know about Scottish lochs. üëâ https://t.co/fq15NzWVNA https://t.co/7l6MFsl8WZ,18
18,0.4019,Fri Jan 12 12:44:54 +0000 2018,0.899,0.0,@BBC,0.101,"RT @bbcpress: üëë HM The Queen and HRH The Prince of Wales help bring the @RoyalFamily art collection to life, in a major new season across T‚Ä¶",19
19,-0.1531,Fri Jan 12 12:30:02 +0000 2018,0.909,0.091,@BBC,0.0,"üê± The rusty spotted cat might be 200 x lighter than a lion, but it's still a ferocious predator. üêæ 

#BigCats https://t.co/PgIC5WfdaJ",20
20,-0.7845,Fri Jan 12 19:33:04 +0000 2018,0.465,0.535,@BBC,0.0,The day I accidentally killed a little boy. https://t.co/QvHrUFLJic https://t.co/r3YCMYGeDs,21
21,-0.7506,Fri Jan 12 19:00:07 +0000 2018,0.652,0.348,@BBC,0.0,"In the endless winter night, terrifying monsters haunt Iceland's caves and mountains. üò±üëπ https://t.co/cwZdBQGjct",22
22,-0.4404,Fri Jan 12 18:33:03 +0000 2018,0.818,0.182,@BBC,0.0,"Tonight, @CharltonBrooker, @ScarlettMoffatt and @Pearlie_mack talk pet hates and peeves. üôÖ

#Room101 | 8:30pm |‚Ä¶ https://t.co/3ydAdVcULC",23
23,0.4404,Fri Jan 12 17:58:03 +0000 2018,0.854,0.0,@BBC,0.146,"'Kids are easy to manage... you just lie to them.' üòÇ

@SindhuVFunny on how to raise children. üëâ‚Ä¶ https://t.co/QZuCvxhQr2",24
24,0.0,Fri Jan 12 17:30:07 +0000 2018,1.0,0.0,@BBC,0.0,"Errs
Yer
Dinner

On the table in just minutes üòÇ
https://t.co/BDG2qj8QGf",25
25,0.0,Fri Jan 12 17:00:05 +0000 2018,1.0,0.0,@BBC,0.0,Astronomers have caught a massive black hole letting out a 'double burp' after bingeing on hot gas.‚Ä¶ https://t.co/kvjvjFcO41,26
26,0.0,Fri Jan 12 16:40:51 +0000 2018,1.0,0.0,@BBC,0.0,Where does the money go from the 5p plastic bag charge? üõç https://t.co/H3UjuZqd3I https://t.co/4DxREaZtZh,27
27,0.3612,Fri Jan 12 15:00:02 +0000 2018,0.884,0.0,@BBC,0.116,"The Queen reveals what it's actually like to take a ride in the Gold State Coach. üëë 

#TheCoronation is on @BBCOne‚Ä¶ https://t.co/16H4OnOSCh",28
28,-0.128,Fri Jan 12 14:03:03 +0000 2018,0.681,0.173,@BBC,0.147,How Grace Kelly went from being the family failure to Hollywood royalty. ‚ú®üé¨ üëë https://t.co/iIXtfmNCew https://t.co/sURkXsNWcl,29
29,0.481,Fri Jan 12 13:39:17 +0000 2018,0.852,0.0,@BBC,0.148,"RT @BBCBargainHunt: Oh look, a ring. Oh look, it's got your name on it‚Ä¶ 
SURPRISE PROPOSAL! üíç‚ù§Ô∏è

#bbcbargainhunt #bargainhunt https://t.co/‚Ä¶",30
30,0.4391,Fri Jan 12 13:30:04 +0000 2018,0.804,0.0,@BBC,0.196,"'Second chances are really important to me'. 

üé∂ @JohnLegend explains what Bob Marley‚Äôs Redemption Song means to hi‚Ä¶ https://t.co/NnbZVnWXqK",31
31,0.6486,Fri Jan 12 13:24:30 +0000 2018,0.782,0.0,@BBC,0.218,RT @bbcmusic: #SoundOf2018 Winner @thisissigrid treated us to an exclusive performance in her hometown of √Ölesund in Norway earlier this mo‚Ä¶,32
32,0.0,Fri Jan 12 13:24:15 +0000 2018,1.0,0.0,@BBC,0.0,RT @bbcworldservice: McDonald's is the only thing that would get this Nigerian TV presenter to come back to the UK. https://t.co/C7r81iT937,33
33,0.3612,Fri Jan 12 13:23:54 +0000 2018,0.898,0.0,@BBC,0.102,"RT @BBCBreakfast: The Queen has given a rare interview to the @BBC, revealing what it was like at her Coronation 65 years ago. https://t.co‚Ä¶",34
34,0.2263,Fri Jan 12 13:23:47 +0000 2018,0.772,0.097,@BBC,0.131,RT @TWBBC: Alice Lee was fighting sexism in science over a century ago. @Utafrith tells @ProfBrianCox why Alice is her inspiration for @roy‚Ä¶,35
35,0.3818,Fri Jan 12 13:23:40 +0000 2018,0.822,0.0,@BBC,0.178,"RT @bbcmusic: üíô@DuaLipa unleashes visually stunning video for 'IDGAF' ‚ù§Ô∏è
Watch üëâ https://t.co/cCOdxNstUx https://t.co/n8XGs50w5b",36
36,0.0,Fri Jan 12 13:06:44 +0000 2018,1.0,0.0,@BBC,0.0,RT @bbcworldservice: Why do astronauts get taller in space? https://t.co/uXtAGkYTkE,37
37,0.0,Fri Jan 12 13:04:04 +0000 2018,1.0,0.0,@BBC,0.0,Move over Nessie! Here are 5 things you might not know about Scottish lochs. üëâ https://t.co/fq15NzWVNA https://t.co/7l6MFsl8WZ,38
38,0.4019,Fri Jan 12 12:44:54 +0000 2018,0.899,0.0,@BBC,0.101,"RT @bbcpress: üëë HM The Queen and HRH The Prince of Wales help bring the @RoyalFamily art collection to life, in a major new season across T‚Ä¶",39
39,-0.1531,Fri Jan 12 12:30:02 +0000 2018,0.909,0.091,@BBC,0.0,"üê± The rusty spotted cat might be 200 x lighter than a lion, but it's still a ferocious predator. üêæ 

#BigCats https://t.co/PgIC5WfdaJ",40
40,-0.7184,Fri Jan 12 12:01:03 +0000 2018,0.462,0.538,@BBC,0.0,6 controversial gigs that broke cultural boycotts. üé§‚úä https://t.co/8pk8uSAqjy https://t.co/K3MJOeEbOa,41
41,0.4215,Fri Jan 12 10:49:42 +0000 2018,0.682,0.108,@BBC,0.21,"üëëüé∂ The moment @ThisIsSigrid found out she'd won @BBCMusic's #SoundOf2018. 

There were tears. üò≠ https://t.co/3Rc2K6dwMS",42
42,0.5719,Fri Jan 12 10:46:24 +0000 2018,0.684,0.0,@BBC,0.316,"RT @bbcmusic: ‚ö°Ô∏è ‚ÄúSigrid wins the #SoundOf2018 üèÜ‚Äù

https://t.co/L5njgZ2gfz",43
43,0.9042,Fri Jan 12 10:46:11 +0000 2018,0.534,0.0,@BBC,0.466,"RT @bbcmusic: üèÜ #SoundOf2018 Winner Alert üèÜ 

Huge congratulations to the phenomenal @thisissigrid, the artist our 173 pundits worldwide ha‚Ä¶",44
44,0.3182,Fri Jan 12 09:03:03 +0000 2018,0.674,0.12,@BBC,0.206,"Is the miserable British weather making you want to move abroad? 

‚úàÔ∏è‚òÄÔ∏èüéíTake this quiz to see which country best su‚Ä¶ https://t.co/7R43a6YAfd",45
45,0.0,Fri Jan 12 08:42:02 +0000 2018,1.0,0.0,@BBC,0.0,üêé This Arabian horse &amp; his Palestinian breeder are competing in a show bringing Israelis &amp; Palestinians together. https://t.co/NeGZijFDYP,46
46,-0.4215,Fri Jan 12 08:38:28 +0000 2018,0.797,0.203,@BBC,0.0,RT @bbcarts: Painting over loneliness - how art can beat the blues https://t.co/HSsj05Asy3,47
47,0.0,Fri Jan 12 08:36:54 +0000 2018,1.0,0.0,@BBC,0.0,"RT @BBC_Teach: Did you know that UK schools use ¬£543 million of electricity every year?

The new #TerrificScientific Power investigation‚ö°Ô∏è‚Ä¶",48
48,0.4939,Fri Jan 12 08:36:42 +0000 2018,0.824,0.0,@BBC,0.176,RT @BBCFood: Lemony-cinnamon custard tart in the sunshine. It‚Äôs gotta be the @HairyBikers #Medadventure https://t.co/tRzT5PEgOR https://t.c‚Ä¶,49
49,-0.079,Fri Jan 12 08:22:06 +0000 2018,0.763,0.125,@BBC,0.112,"Long nights, snowshoes and a broken down boat... The @BBCOne crew reveal what it was really like to film new nature‚Ä¶ https://t.co/Uo9QBgl90m",50
50,0.0,Fri Jan 12 08:00:04 +0000 2018,1.0,0.0,@BBC,0.0,Absolutely fant-ice-tic. ‚ùÑÔ∏è https://t.co/DEllLWKxtc,51
51,0.0,Fri Jan 12 07:35:03 +0000 2018,1.0,0.0,@BBC,0.0,"üå°üá≤üáΩüèú One of Mexico's best-kept secrets, the Samalayuca sand dunes have gone from no-go area to hot destination.‚Ä¶ https://t.co/0MHaiD6h2V",52
52,0.0,Thu Jan 11 19:00:05 +0000 2018,1.0,0.0,@BBC,0.0,Where'd all those ¬£3 houses go?? üòÇ‚òï https://t.co/z0RWc8j0HA,53
53,-0.296,Thu Jan 11 18:30:07 +0000 2018,0.879,0.121,@BBC,0.0,"The ‚Äòuntranslatable‚Äô Japanese phrase ‚ÄòKoi No Yokan‚Äô is ‚Äòthe premonition of love‚Äô. üîÆ‚ù§Ô∏èÔ∏è

@BBC_Culture asked Japanese‚Ä¶ https://t.co/3Xn9HpD25B",54
54,0.4404,Thu Jan 11 18:00:07 +0000 2018,0.818,0.0,@BBC,0.182,"‚è≥ Easy, meat-free family meals that'll be on the table in 30 minutes. üëâ https://t.co/StpMPdn4xT https://t.co/7nU1WKY1O8",55
55,0.4199,Thu Jan 11 17:44:18 +0000 2018,0.872,0.0,@BBC,0.128,"RT @bbccomedy: #TheLeagueOfGentlemen first broadcast on this day in 1999. That's, er, seven and twelfty years ago! Thank you @ReeceShearsmi‚Ä¶",56
56,-0.1531,Thu Jan 11 17:44:05 +0000 2018,0.754,0.135,@BBC,0.111,"RT @BBCEngland: ""Black pudding saved my life"" - a butcher trapped in a walk-in freezer used the oversized sausage as a battering ram in ord‚Ä¶",57
57,0.3182,Thu Jan 11 17:43:58 +0000 2018,0.887,0.0,@BBC,0.113,"RT @bbcmusic: üí•@RitaOra and @LiamPayne will be on @BBCR1's Breakfast Show TOMORROW üôå
Make sure you're listening from 7.30am üëâ https://t.co/‚Ä¶",58
58,0.5859,Thu Jan 11 17:30:03 +0000 2018,0.743,0.0,@BBC,0.257,The amazing Victorian street in Bristol that's been buried in time. ‚è≥ https://t.co/RCGLZ4uAtx,59
59,0.4404,Thu Jan 11 17:03:04 +0000 2018,0.879,0.0,@BBC,0.121,"üêÜü¶ÅüêÖ From the biggest to the smallest, the fastest to the strongest, find out more about the cats that appear in‚Ä¶ https://t.co/LTSJygBchr",60
60,0.4215,Thu Jan 11 14:58:04 +0000 2018,0.865,0.0,@BBC,0.135,The mum who took a once-in-a-lifetime photograph of four beaming royals on Christmas Day says it's changed her life‚Ä¶ https://t.co/aJZJLsSy1i,61
61,-0.765,Thu Jan 11 14:26:03 +0000 2018,0.663,0.337,@BBC,0.0,YouTube has cut ties with vlogger Logan Paul over his Japan suicide video. https://t.co/zE0vEGoLkK https://t.co/7q0VHdIOdP,62
62,0.2382,Thu Jan 11 14:00:11 +0000 2018,0.891,0.0,@BBC,0.109,‚ùÑÔ∏è It‚Äôs easy to write-off generation ‚Äòsnowflake‚Äô but @BBC_Capital analyses why their concerns may be justified.‚Ä¶ https://t.co/stuvOVAmjn,63
63,0.2023,Thu Jan 11 13:30:04 +0000 2018,0.924,0.0,@BBC,0.076,BBC @1Xtra has revealed the top 10 UK acts from the world of black music it predicts to be big in 2018.‚Ä¶ https://t.co/mEltLSPgSi,64
64,0.0,Thu Jan 11 12:58:03 +0000 2018,1.0,0.0,@BBC,0.0,"üé∂ üíñ Fancy some new music from @Camila_Cabello? The singer debuted her song 'Never Be The Same' live on US TV. 

Tak‚Ä¶ https://t.co/qzQlQJzCXY",65
65,0.0,Thu Jan 11 12:30:03 +0000 2018,1.0,0.0,@BBC,0.0,ü•ó @IAmWill is a vegan and the vegan illuminati (aka the 'veganati') made him do it. üòÇ https://t.co/hc3TEJXbPS,66
66,0.0,Thu Jan 11 12:00:09 +0000 2018,1.0,0.0,@BBC,0.0,"Bubble wrap was originally made to be wallpaper?!

How a protective wrapping became a million dollar idea. üëâ‚Ä¶ https://t.co/diX5jX1IYb",67
67,-0.6124,Thu Jan 11 11:30:06 +0000 2018,0.706,0.294,@BBC,0.0,A new environment strategy aims to stop needless plastic waste by 2042. ‚ôªÔ∏è üåç https://t.co/hZtzxIfo3N https://t.co/QjXOuKM0TF,68
68,0.0,Thu Jan 11 11:27:58 +0000 2018,1.0,0.0,@BBC,0.0,"RT @bbcpress: üá∞üá∑ @BBCSport is carrying the Olympic torch to #PyeongChang2018 this February. Catch all the unmissable moments on @BBCOne, @B‚Ä¶",69
69,0.8066,Thu Jan 11 11:00:03 +0000 2018,0.7,0.0,@BBC,0.3,"What a brilliant idea ‚Äì baking tortillas to use as pizza bases! So easy &amp; only 440 calories. üçï

Check out‚Ä¶ https://t.co/n9PQuNSKw4",70
70,0.6369,Thu Jan 11 10:33:03 +0000 2018,0.833,0.0,@BBC,0.167,Who will be best man at Prince Harry and Meghan Markle's wedding? Prince William says that he hasn't been asked yet‚Ä¶ https://t.co/lp3PbNF9Lm,71
71,-0.5574,Thu Jan 11 09:48:11 +0000 2018,0.735,0.265,@BBC,0.0,RT @BBCScotlandNews: Scotland ban announced for plastic cotton buds https://t.co/g1xEBf6P7l https://t.co/q59DrpZwre,72
72,-0.765,Thu Jan 11 09:48:07 +0000 2018,0.694,0.306,@BBC,0.0,"RT @BBCNewsbeat: YouTube has cut business ties with Logan Paul over his Japan suicide video:

https://t.co/uncjd0laob https://t.co/0G8JNGlO‚Ä¶",73
73,0.8126,Thu Jan 11 09:48:01 +0000 2018,0.67,0.0,@BBC,0.33,"RT @BBCWomansHour: ""Be unapologetically yourself."" üëå 
@Leomie_Anderson's best life advice, inspired by @rihanna üòò 
Hear more from women who‚Ä¶",74
74,0.0,Thu Jan 11 09:47:54 +0000 2018,1.0,0.0,@BBC,0.0,"RT @BBCRadio2: üö® Calling all teachers! The #500Words Live Lesson is back for 2018 - 2pm on Monday! üö®

@HelenSkelton gives @achrisevans all‚Ä¶",75
75,0.2023,Thu Jan 11 09:26:31 +0000 2018,0.917,0.0,@BBC,0.083,"RT @bbcpress: The coat is back: @idriselba shoots series five #Luther @BBCOne, with new cast member @wunmo playing D.S. Catherine Halliday‚Ä¶",76
76,-0.5423,Thu Jan 11 09:00:06 +0000 2018,0.774,0.226,@BBC,0.0,"Is social media bad for you? üì±

The evidence and the unknowns. üëâ https://t.co/Y1TQBO5sjJ https://t.co/uKFj0uuhJz",77
77,0.0,Thu Jan 11 08:40:01 +0000 2018,1.0,0.0,@BBC,0.0,It's official... we actually can't resist puppy dog eyes. üê∂üíï https://t.co/fEvzozGFw0,78
78,0.5106,Thu Jan 11 08:20:04 +0000 2018,0.837,0.0,@BBC,0.163,"From Canada to Botswana, these 6 nations consistently rank highest for their social policies, trust in government &amp;‚Ä¶ https://t.co/gbxplZyWcq",79
79,0.8126,Thu Jan 11 08:00:03 +0000 2018,0.72,0.0,@BBC,0.28,"'If I inspire even just one or two young black people to take up the cello, then that's a wonderful thing.' üéª‚ù§Ô∏èÔ∏è https://t.co/LjRmCDIb14",80
80,0.0,Wed Jan 10 19:30:07 +0000 2018,1.0,0.0,@BBC,0.0,You can count on @BBCComedy's Tracey Ullman for a satirical take on current affairs‚Ä¶ https://t.co/Tobb25eWjx,81
81,-0.4588,Wed Jan 10 19:20:39 +0000 2018,0.769,0.231,@BBC,0.0,"RT @BBCNews: How polluted is your street? üò∑

Find out: https://t.co/MW9r2UMufj https://t.co/68AJfgg8rA",82
82,-0.4588,Wed Jan 10 19:20:03 +0000 2018,0.8,0.2,@BBC,0.0,RT @bbcthree: This is what happens when you breathe in polluted air. https://t.co/XZlWu2bQjD,83
83,0.8481,Wed Jan 10 19:00:03 +0000 2018,0.647,0.0,@BBC,0.353,"üòÇ @OfficialTLC's Scrubs is great song for the ladies... 

Not so great for the unemployed male.  

#LiveAtTheApollo https://t.co/7UAURqwqIx",84
84,0.0,Wed Jan 10 18:32:03 +0000 2018,1.0,0.0,@BBC,0.0,How much of your home's electricity bill goes on making cups of tea or  washing your clothes? Take this quiz to fin‚Ä¶ https://t.co/pj3i1cRZaL,85
85,0.3182,Wed Jan 10 18:03:03 +0000 2018,0.887,0.0,@BBC,0.113,"Tonight, @CherryHealey teams up with independent scientists to put everyday cosmetics to the test. üíÑüî¨ 

The Truth A‚Ä¶ https://t.co/eVsmvaYTgZ",86
86,0.4939,Wed Jan 10 17:30:07 +0000 2018,0.862,0.0,@BBC,0.138,"To save Teresa‚Äôs life, doctors are going to have to remove part of her face.

(Warning: This video contains graphic‚Ä¶ https://t.co/oXdQv5ABqa",87
87,0.0,Wed Jan 10 17:02:03 +0000 2018,1.0,0.0,@BBC,0.0,Why does adolescence last twice as long now as it did in the 1950s? ü§î https://t.co/q3gMvr3mqU https://t.co/X5F9a925ET,88
88,-0.3612,Wed Jan 10 16:22:04 +0000 2018,0.783,0.217,@BBC,0.0,Snow has fallen in the Sahara desert. ‚ùÑÔ∏è https://t.co/804PRapagA https://t.co/RXHi6AdCHb,89
89,-0.6597,Wed Jan 10 15:30:06 +0000 2018,0.761,0.239,@BBC,0.0,Researchers have published a study revealing that dogs can be trained to smell cancer. üê∂ https://t.co/9mP5kjg6CZ https://t.co/yb7luqCMSp,90
90,0.3612,Wed Jan 10 15:06:03 +0000 2018,0.857,0.0,@BBC,0.143,These @BBCWthrWatchers photos capture what the weather has looked like across the UK lately. üåß‚ùÑÔ∏èüå•üåà‚Ä¶ https://t.co/RXyER0dCkD,91
91,0.0,Wed Jan 10 14:33:02 +0000 2018,1.0,0.0,@BBC,0.0,The 5p charge for plastic bags in large shops in England could be extended to cover nearly all retailers. üõç‚Ä¶ https://t.co/nAgVcPMW7h,92
92,0.4201,Wed Jan 10 14:03:04 +0000 2018,0.872,0.0,@BBC,0.128,Nothing depicts the mindset of a time period quite like a living room.üö™Here's how the room has evolved over time. üëâ‚Ä¶ https://t.co/YS1jycfIZG,93
93,0.0,Wed Jan 10 13:37:04 +0000 2018,1.0,0.0,@BBC,0.0,"The International Space Station is humanity‚Äôs most expensive structure, but it could vanish in six years. üöÄüåí‚Ä¶ https://t.co/cE7BhlzxQP",94
94,0.3182,Wed Jan 10 13:02:01 +0000 2018,0.796,0.0,@BBC,0.204,Think you're a bigger football fan than this guy? ‚ù§Ô∏èÔ∏èÔ∏è‚öΩÔ∏è https://t.co/nwkebUvYmb,95
95,0.0,Wed Jan 10 12:53:52 +0000 2018,1.0,0.0,@BBC,0.0,"RT @bbcthesocial: | @ShadyLawrence will blow your mind with this transformation! 

#TransformationTuesday https://t.co/eEFtUlYBTD",96
96,0.0,Wed Jan 10 12:29:40 +0000 2018,1.0,0.0,@BBC,0.0,"RT @BBCOne: üêæ Black-footed cats are Africa‚Äôs smallest cat, and the deadliest of the entire cat family. Anything that moves is a potential m‚Ä¶",97
97,0.0,Wed Jan 10 12:29:17 +0000 2018,1.0,0.0,@BBC,0.0,"RT @TWBBC: Four of the biggest global health stories to follow in 2018:

1. The world's first malaria vaccine
2. Yemen on the brink of fami‚Ä¶",98
98,0.0,Wed Jan 10 12:25:16 +0000 2018,1.0,0.0,@BBC,0.0,"üêã‚ù§Ô∏èÔ∏è Could this be the first case on record of a humpback protecting a human?

Via @BBCNews https://t.co/78l0AKNbxB",99
99,0.0,Wed Jan 10 11:57:36 +0000 2018,1.0,0.0,@BBC,0.0,"RT @BBCRadio2: üìª ANNOUNCEMENT üìª
We have a brand new schedule coming to Radio 2 this spring, featuring @jowhiley @simonmayo @sarajcox @djgar‚Ä¶",100
100,0.8016,Fri Jan 12 21:39:27 +0000 2018,0.703,0.0,@CBS,0.297,Star power makes these commercials instant classics! Vote for your favorite spot now and watch Super Bowl Greatest‚Ä¶ https://t.co/DwBhTazToF,1
101,0.7717,Fri Jan 12 12:00:05 +0000 2018,0.676,0.0,@CBS,0.324,Four-time GRAMMY¬Æ winner @KeithUrban inspires the next generation of young artists through music education. Because‚Ä¶ https://t.co/1a32zReMrn,2
102,0.0,Thu Jan 11 20:34:24 +0000 2018,1.0,0.0,@CBS,0.0,Here's why @startrekcbs needs to be your next binge: https://t.co/locrpdx0VT #StarTrekDiscovery https://t.co/XOMuprlXzG,3
103,0.555,Thu Jan 11 20:31:42 +0000 2018,0.796,0.0,@CBS,0.204,RT @Elementary_CBS: Your favorite detective duo is back! #Elementary returns April 30 at 10/9c! https://t.co/aG8XiwAd6S,4
104,0.0,Thu Jan 11 20:31:33 +0000 2018,1.0,0.0,@CBS,0.0,"RT @CodeBlackCBS: Return to Angels Memorial on Wednesday, May 2 for season 3 of #CodeBlack. https://t.co/ZmfuQhOwoU",5
105,0.1867,Thu Jan 11 12:00:06 +0000 2018,0.916,0.0,@CBS,0.084,#TBT to when @latelateshow's @JKCorden rolled into the 2017 #GRAMMYs! Don't miss him return to host The 60th Annual‚Ä¶ https://t.co/CbczcnV3HK,6
106,0.8553,Wed Jan 10 17:15:18 +0000 2018,0.656,0.0,@CBS,0.344,Hosts @7BOOMERESIASON &amp; @DanielaRuah return in Super Bowl Greatest Commercials 2018 pitting man vs. beast! Cast you‚Ä¶ https://t.co/bk8OKTblMw,7
107,0.0,Wed Jan 10 14:44:59 +0000 2018,1.0,0.0,@CBS,0.0,"Music's Biggest Night¬Æ just got bigger with epic performances by @BrunoMars with @iamcardib, @KeshaRose, @sza and m‚Ä¶ https://t.co/rCWrP6PihR",8
108,0.1867,Tue Jan 09 19:30:28 +0000 2018,0.924,0.0,@CBS,0.076,RT @BullCBS: Dr. #Bull's latest case could change the way Psychologists work. Don't miss tonight's new episode at 9/8c on CBS! https://t.co‚Ä¶,9
109,0.836,Tue Jan 09 19:27:16 +0000 2018,0.683,0.0,@CBS,0.317,"üé∂@Prince pushed the envelope and never settled for ordinary.

Celebrate the greatest artists in music history at Th‚Ä¶ https://t.co/GPZ9YgK1tH",10
110,0.0,Tue Jan 09 18:29:39 +0000 2018,1.0,0.0,@CBS,0.0,RT @AmazingRaceCBS: This race is just getting started. Catch a new episode of The #AmazingRace tomorrow at 8/7c on CBS! https://t.co/Nab5DC‚Ä¶,11
111,0.0,Mon Jan 08 18:07:57 +0000 2018,1.0,0.0,@CBS,0.0,RT @startrekcbs: #StarTrekDiscovery is back! Episode 10 is now streaming on CBS All Access: https://t.co/xPeb97Rs8J https://t.co/Uvgab7nGgS,12
112,0.0,Mon Jan 08 14:34:48 +0000 2018,1.0,0.0,@CBS,0.0,"New year, new case. Watch the latest episode of #NCISLA now: https://t.co/1rAsX4EsiB https://t.co/QzRZcORK9r",13
113,0.0,Mon Jan 08 14:29:20 +0000 2018,1.0,0.0,@CBS,0.0,RT @AmazingRaceCBS: Which teams are zipping through the first leg of the #AmazingRace? https://t.co/8isAwPyrLY,14
114,0.0,Mon Jan 08 00:29:51 +0000 2018,1.0,0.0,@CBS,0.0,RT @MadamSecretary: Is VP Hurst going to work with or against Elizabeth? Stream a new #MadamSecretary live with CBS All Access: https://t.c‚Ä¶,15
115,0.0,Sat Jan 06 20:05:17 +0000 2018,1.0,0.0,@CBS,0.0,"RT @debrabirnbaum: .@ShawnRyanTV: To me, being on CBS is the opposite of preaching to the choir. #TCA18",16
116,0.8271,Sat Jan 06 19:04:08 +0000 2018,0.686,0.0,@CBS,0.314,RT @LivinBiblically: ‚ÄúThe truth is it somehow gorgeously straddles both sides...I have had friends come from all different walks of life an‚Ä¶,17
117,-0.7717,Sat Jan 06 19:03:38 +0000 2018,0.774,0.226,@CBS,0.0,RT @instinctcbs: ‚ÄúThis is a crime show where at the end you‚Äôre not reminded of how miserable things are in the world right now‚Ä¶You feel sat‚Ä¶,18
118,0.0,Sat Jan 06 00:37:55 +0000 2018,1.0,0.0,@CBS,0.0,"RT @startrekcbs: Star Trek has touched the lives of generations of fans, including the cast and writers of #StarTrekDiscovery. What's your‚Ä¶",19
119,0.0,Sat Jan 06 00:30:53 +0000 2018,1.0,0.0,@CBS,0.0,#StrangeAngel has found its leading man! Jack Reynor will star as famed rocket engineer Jack Parsons in the upcomin‚Ä¶ https://t.co/sHkSKABGfd,20
120,0.8016,Fri Jan 12 21:39:27 +0000 2018,0.703,0.0,@CBS,0.297,Star power makes these commercials instant classics! Vote for your favorite spot now and watch Super Bowl Greatest‚Ä¶ https://t.co/DwBhTazToF,21
121,0.7717,Fri Jan 12 12:00:05 +0000 2018,0.676,0.0,@CBS,0.324,Four-time GRAMMY¬Æ winner @KeithUrban inspires the next generation of young artists through music education. Because‚Ä¶ https://t.co/1a32zReMrn,22
122,0.0,Thu Jan 11 20:34:24 +0000 2018,1.0,0.0,@CBS,0.0,Here's why @startrekcbs needs to be your next binge: https://t.co/locrpdx0VT #StarTrekDiscovery https://t.co/XOMuprlXzG,23
123,0.555,Thu Jan 11 20:31:42 +0000 2018,0.796,0.0,@CBS,0.204,RT @Elementary_CBS: Your favorite detective duo is back! #Elementary returns April 30 at 10/9c! https://t.co/aG8XiwAd6S,24
124,0.0,Thu Jan 11 20:31:33 +0000 2018,1.0,0.0,@CBS,0.0,"RT @CodeBlackCBS: Return to Angels Memorial on Wednesday, May 2 for season 3 of #CodeBlack. https://t.co/ZmfuQhOwoU",25
125,0.1867,Thu Jan 11 12:00:06 +0000 2018,0.916,0.0,@CBS,0.084,#TBT to when @latelateshow's @JKCorden rolled into the 2017 #GRAMMYs! Don't miss him return to host The 60th Annual‚Ä¶ https://t.co/CbczcnV3HK,26
126,0.8553,Wed Jan 10 17:15:18 +0000 2018,0.656,0.0,@CBS,0.344,Hosts @7BOOMERESIASON &amp; @DanielaRuah return in Super Bowl Greatest Commercials 2018 pitting man vs. beast! Cast you‚Ä¶ https://t.co/bk8OKTblMw,27
127,0.0,Wed Jan 10 14:44:59 +0000 2018,1.0,0.0,@CBS,0.0,"Music's Biggest Night¬Æ just got bigger with epic performances by @BrunoMars with @iamcardib, @KeshaRose, @sza and m‚Ä¶ https://t.co/rCWrP6PihR",28
128,0.1867,Tue Jan 09 19:30:28 +0000 2018,0.924,0.0,@CBS,0.076,RT @BullCBS: Dr. #Bull's latest case could change the way Psychologists work. Don't miss tonight's new episode at 9/8c on CBS! https://t.co‚Ä¶,29
129,0.836,Tue Jan 09 19:27:16 +0000 2018,0.683,0.0,@CBS,0.317,"üé∂@Prince pushed the envelope and never settled for ordinary.

Celebrate the greatest artists in music history at Th‚Ä¶ https://t.co/GPZ9YgK1tH",30
130,0.0,Tue Jan 09 18:29:39 +0000 2018,1.0,0.0,@CBS,0.0,RT @AmazingRaceCBS: This race is just getting started. Catch a new episode of The #AmazingRace tomorrow at 8/7c on CBS! https://t.co/Nab5DC‚Ä¶,31
131,0.0,Mon Jan 08 18:07:57 +0000 2018,1.0,0.0,@CBS,0.0,RT @startrekcbs: #StarTrekDiscovery is back! Episode 10 is now streaming on CBS All Access: https://t.co/xPeb97Rs8J https://t.co/Uvgab7nGgS,32
132,0.0,Mon Jan 08 14:34:48 +0000 2018,1.0,0.0,@CBS,0.0,"New year, new case. Watch the latest episode of #NCISLA now: https://t.co/1rAsX4EsiB https://t.co/QzRZcORK9r",33
133,0.0,Mon Jan 08 14:29:20 +0000 2018,1.0,0.0,@CBS,0.0,RT @AmazingRaceCBS: Which teams are zipping through the first leg of the #AmazingRace? https://t.co/8isAwPyrLY,34
134,0.0,Mon Jan 08 00:29:51 +0000 2018,1.0,0.0,@CBS,0.0,RT @MadamSecretary: Is VP Hurst going to work with or against Elizabeth? Stream a new #MadamSecretary live with CBS All Access: https://t.c‚Ä¶,35
135,0.0,Sat Jan 06 20:05:17 +0000 2018,1.0,0.0,@CBS,0.0,"RT @debrabirnbaum: .@ShawnRyanTV: To me, being on CBS is the opposite of preaching to the choir. #TCA18",36
136,0.8271,Sat Jan 06 19:04:08 +0000 2018,0.686,0.0,@CBS,0.314,RT @LivinBiblically: ‚ÄúThe truth is it somehow gorgeously straddles both sides...I have had friends come from all different walks of life an‚Ä¶,37
137,-0.7717,Sat Jan 06 19:03:38 +0000 2018,0.774,0.226,@CBS,0.0,RT @instinctcbs: ‚ÄúThis is a crime show where at the end you‚Äôre not reminded of how miserable things are in the world right now‚Ä¶You feel sat‚Ä¶,38
138,0.0,Sat Jan 06 00:37:55 +0000 2018,1.0,0.0,@CBS,0.0,"RT @startrekcbs: Star Trek has touched the lives of generations of fans, including the cast and writers of #StarTrekDiscovery. What's your‚Ä¶",39
139,0.0,Sat Jan 06 00:30:53 +0000 2018,1.0,0.0,@CBS,0.0,#StrangeAngel has found its leading man! Jack Reynor will star as famed rocket engineer Jack Parsons in the upcomin‚Ä¶ https://t.co/sHkSKABGfd,40
140,0.0,Fri Jan 05 18:30:42 +0000 2018,1.0,0.0,@CBS,0.0,"The streak of new episodes continues! Watch new episodes of #MacGyver, #H50 &amp; #BlueBloods tonight starting at 8/7c.‚Ä¶ https://t.co/xs2vbVqBJZ",41
141,0.0,Fri Jan 05 16:05:58 +0000 2018,1.0,0.0,@CBS,0.0,"RT @CBSTweet: #CBSRatingsNews: CBS Sweeps Fourth Quarter Ratings in Daytime, Primetime and Late Night for the First Time Since 2009 https:/‚Ä¶",42
142,0.1867,Thu Jan 04 23:13:02 +0000 2018,0.89,0.0,@CBS,0.11,"New year, new episodes! Don't miss all-new episodes of @BigBangTheory, @YoungSheldon, @MomCBS, @LifeInPiecesCBS, an‚Ä¶ https://t.co/COf6Qg8Mz1",43
143,-0.296,Thu Jan 04 14:43:09 +0000 2018,0.879,0.121,@CBS,0.0,"Current nominees @LadyGaga, @LittleBigTown, @Pink, Childish Gambino and more will perform live at the #GRAMMYs, Jan‚Ä¶ https://t.co/PlLMasNPwD",44
144,0.5423,Wed Jan 03 20:33:09 +0000 2018,0.821,0.0,@CBS,0.179,"RT @startrekcbs: From Airiam to Zefram Cochrane, #StarTrekDiscovery features fascinating new concepts along with classic references. What's‚Ä¶",45
145,-0.5267,Wed Jan 03 19:51:15 +0000 2018,0.833,0.167,@CBS,0.0,Torres and Bishop went undercover as a criminal couple on the latest episode of #NCIS. Catch up now:‚Ä¶ https://t.co/1iTEneHyJS,46
146,0.5423,Wed Jan 03 15:00:05 +0000 2018,0.857,0.0,@CBS,0.143,Do you know all the nominees for Artist Of The Year? Get familiar with this year's GRAMMY¬Æ Award nominees ahead of‚Ä¶ https://t.co/UQa8Mu9PUV,47
147,0.0,Wed Jan 03 12:00:01 +0000 2018,1.0,0.0,@CBS,0.0,"The new year of new episodes continues tonight with all-new episodes of #AmazingRace, #SEALTeam and #CriminalMinds‚Ä¶ https://t.co/bwhNhQgsFC",48
148,-0.7692,Wed Jan 03 00:47:26 +0000 2018,0.733,0.267,@CBS,0.0,"RT @BullCBS: Tonight, can #Bull prove that a teen accused of robbing a jewelry store isn't responsible for the crime? Tune in at 9/8c or st‚Ä¶",49
149,0.8516,Tue Jan 02 22:41:51 +0000 2018,0.66,0.0,@CBS,0.34,It's your last chance to choose the pro football player with the best off-the-field talent! Vote now to decide who‚Ä¶ https://t.co/6DjwqU0MB9,50
150,0.0,Tue Jan 02 08:00:03 +0000 2018,1.0,0.0,@CBS,0.0,"New year, new episodes -- all week long! It kicks off with an all-new #NCIS, #Bull and #NCISNOLA tonight starting a‚Ä¶ https://t.co/bcmAaUQJtf",51
151,0.0,Mon Jan 01 01:16:12 +0000 2018,1.0,0.0,@CBS,0.0,"Due to #NFL football games overrun, revised start times &amp; lineup for Eastern/Central Time Zones Only:
#60Minutes 8:‚Ä¶ https://t.co/rqOYbM5j0h",52
152,0.7798,Sun Dec 31 14:37:05 +0000 2017,0.736,0.0,@CBS,0.264,Get ready for football! Stream NFL on CBS today with #CBSAllAccess. Try 1 month FREE with promo code BINGE (not ava‚Ä¶ https://t.co/NEntvW7QHd,53
153,0.0,Sat Dec 30 20:25:20 +0000 2017,1.0,0.0,@CBS,0.0,"RT @NoActivityCBS: All season nothing's happened. Now prepare for activity. Stream the #NoActivity season finale Sunday, Dec 31 on CBS All‚Ä¶",54
154,0.3612,Sat Dec 30 20:24:58 +0000 2017,0.884,0.0,@CBS,0.116,RT @startrekcbs: Find out what happens when you boldly go too far. #StarTrekDiscovery continues January 7 on CBS All Access: https://t.co/f‚Ä¶,55
155,0.0857,Fri Dec 29 16:06:02 +0000 2017,0.699,0.144,@CBS,0.157,Stream NC State Wolfpack at Arizona State Sun Devils LIVE today at 3PM ET with a 1-month FREE trial of‚Ä¶ https://t.co/8k50thgtip,56
156,0.1511,Thu Dec 28 20:31:01 +0000 2017,0.783,0.096,@CBS,0.121,"In case you missed this star-studded tribute to Carol Burnett's classic comedy series, catch up now! Watch The Caro‚Ä¶ https://t.co/wu7BxM9gtm",57
157,0.0,Thu Dec 28 19:28:22 +0000 2017,1.0,0.0,@CBS,0.0,Some of TV's biggest stars saluted @TheNormanLear's impact on television and culture at The 40th Annual Kennedy Cen‚Ä¶ https://t.co/E74ChUW1uE,58
158,0.875,Wed Dec 27 22:45:05 +0000 2017,0.643,0.0,@CBS,0.357,The search is on to find the pro football player with the best off-the-field talent. Vote for your favorite player‚Ä¶ https://t.co/R0fb5ngJ16,59
159,0.7717,Wed Dec 27 21:04:10 +0000 2017,0.705,0.0,@CBS,0.295,"Celebrate everyone's favorite classic sitcom with Carol Burnett, Vicki Lawrence, and more stars during The Carol Bu‚Ä¶ https://t.co/SaiZ9TzBVO",60
160,0.8452,Wed Dec 27 19:52:02 +0000 2017,0.663,0.0,@CBS,0.337,Joy to the world of streaming! Try #CBSAllAccess FREE for 1 month ‚Äì just use code BINGE by 1/2:‚Ä¶ https://t.co/9p1ACnslz6,61
161,0.0,Wed Dec 27 19:40:34 +0000 2017,1.0,0.0,@CBS,0.0,"Music legend Stevie Wonder salutes @LionelRichie while performing his classic hit, ""Easy"" at The 40th Annual Kenned‚Ä¶ https://t.co/7TeDeNyhgo",62
162,0.7003,Wed Dec 27 12:00:01 +0000 2017,0.766,0.0,@CBS,0.234,"As the youngest Kennedy Center Honoree in 40 years, @LLCoolJ talks about what motivates him to chase his dreams. Wa‚Ä¶ https://t.co/DFY78y99w3",63
163,0.8398,Wed Dec 27 07:27:33 +0000 2017,0.64,0.0,@CBS,0.36,Here's to the 2017 Kennedy Center Honorees! Catch up on an evening of stunning performances and inspiring speeches‚Ä¶ https://t.co/jGfANpSCul,64
164,0.8221,Wed Dec 27 04:00:52 +0000 2017,0.664,0.0,@CBS,0.336,This celebration could go all night long! What a great final performance in honor of @LionelRichie. #KCHonors https://t.co/xKLWpKr3v0,65
165,0.0,Wed Dec 27 03:59:48 +0000 2017,1.0,0.0,@CBS,0.0,RT @MarkAPrinceJr: A #LionelRichie tribute is not complete without üé∂All Night Longüé∂ üòÅ #KCHonors,66
166,0.8271,Wed Dec 27 03:36:01 +0000 2017,0.58,0.0,@CBS,0.42,Carmen de Lavallade (@CarmenDances) got emotional during those beautiful performances in her honor. Congratulations‚Ä¶ https://t.co/gOCAZpZDpt,67
167,0.8103,Wed Dec 27 03:35:29 +0000 2017,0.685,0.0,@CBS,0.315,RT @Glamourtunist: This tribute to Carmen de Lavallade at the #KCHonors is so beautiful and well deserved. ‚ù§Ô∏è,68
168,0.0,Wed Dec 27 03:03:49 +0000 2017,1.0,0.0,@CBS,0.0,RT @llcoolj: Attn: #HIPHOP !!!! We made history!! #KCHonors,69
169,0.5255,Wed Dec 27 03:03:26 +0000 2017,0.78,0.0,@CBS,0.22,.@llcoolj is making history! He‚Äôs the Kennedy Center‚Äôs first hip-hop honoree. #KCHonors https://t.co/kCqkOdUjtu,70
170,0.7096,Wed Dec 27 02:57:56 +0000 2017,0.753,0.0,@CBS,0.247,RT @ErinAnnCullen: #KCHonors is always a night of inspiration. Thank you to these artists for your impact on our country. ‚ù§Ô∏èüß°üíõüíöüíôüíú,71
171,0.7345,Wed Dec 27 02:48:52 +0000 2017,0.64,0.0,@CBS,0.36,Give a round of applause to television pioneer and 2017 Honoree @TheNormanLear! #KCHonors https://t.co/20UosF987x,72
172,0.6124,Wed Dec 27 02:45:34 +0000 2017,0.826,0.0,@CBS,0.174,RT @AliL: This tribute to Norman Lear on #KCHonors is outstanding AND a walk down my childhood TV memory lane. üëèüèªüì∫,73
173,0.3699,Wed Dec 27 02:28:07 +0000 2017,0.702,0.0,@CBS,0.298,RT @llcoolj: Moments I‚Äôll never forget!!! #KCHonors,74
174,0.8748,Wed Dec 27 02:26:46 +0000 2017,0.474,0.0,@CBS,0.526,.@GloriaEstefan approves of those amazing musical performances in her honor! #KCHonors https://t.co/i3EVYEoKRx,75
175,0.9601,Wed Dec 27 02:20:11 +0000 2017,0.434,0.0,@CBS,0.566,RT @thepickypantry: Beautiful tribute to @GloriaEstefan on the Kennedy Center Honors. Love Mi Tierra! Amazing and inspiring what a fighter‚Ä¶,76
176,0.8908,Wed Dec 27 02:00:29 +0000 2017,0.654,0.0,@CBS,0.346,Time to celebrate the 2017 honorees at The 40th Annual Kennedy Center Honors! Tune in now on CBS and CBS All Access‚Ä¶ https://t.co/1OULMpCfPy,77
177,0.0,Wed Dec 27 01:08:32 +0000 2017,1.0,0.0,@CBS,0.0,"Tonight, @LionelRichie, @LLCoolJ, @GloriaEstefan, @TheNormanLear &amp; Carmen de Lavallade will be recognized at The 40‚Ä¶ https://t.co/jZJqNo8h3b",78
178,0.2415,Tue Dec 26 12:00:01 +0000 2017,0.61,0.173,@CBS,0.218,"Don't miss the breathtaking performances, standing ovations and moving tributes that will leave you inspired. Here'‚Ä¶ https://t.co/imILa52fjz",79
179,0.5106,Mon Dec 25 12:00:05 +0000 2017,0.809,0.0,@CBS,0.191,"Experience the performances and the memories when 2017 Honorees @LionelRichie, @GloriaEstefan, Carmen de Lavallade,‚Ä¶ https://t.co/ygbqASVL7t",80
180,-0.2263,Mon Dec 25 00:48:24 +0000 2017,0.899,0.101,@CBS,0.0,"Due to NFL overrun CBS is delayed 36mins in Charlotte/NC, Cincinnati/OH, Nashville, Atlanta, New Orleans, Baton Rou‚Ä¶ https://t.co/20mnbAhpTm",81
181,0.7574,Sun Dec 24 20:40:42 +0000 2017,0.711,0.0,@CBS,0.289,"Tonight, get together and enjoy Christmas Eve with a two-hour marathon of your favorite classic sitcoms! Watch The‚Ä¶ https://t.co/SCv8TJy9Yp",82
182,0.7974,Sun Dec 24 14:17:43 +0000 2017,0.727,0.0,@CBS,0.273,Get ready for football! Stream NFL on CBS today with #CBSAllAccess. Try 1 month FREE with promo code BINGE! (Not av‚Ä¶ https://t.co/6mR4bRR5Ey,83
183,0.0,Sun Dec 24 12:30:02 +0000 2017,1.0,0.0,@CBS,0.0,"All In The Family star @RobReiner gives props to legendary television writer, producer and 2017 Kennedy Center Hono‚Ä¶ https://t.co/98jc5i63zE",84
184,0.0,Sat Dec 23 16:21:17 +0000 2017,1.0,0.0,@CBS,0.0,"Rapper @BustaRhymes pays tribute to @LLCoolJ, performing his hit song ""Mama Said Knock You Out"" at The 40th Annual‚Ä¶ https://t.co/CRjQArUqwd",85
185,0.8236,Sat Dec 23 15:00:02 +0000 2017,0.714,0.0,@CBS,0.286,"Oh, what fun it is to stream! Start a 1-month FREE trial of #CBSAllAccess now. Use promo code BINGE by 1/2:‚Ä¶ https://t.co/rSAnDJDgbI",86
186,0.7712,Sat Dec 23 12:37:04 +0000 2017,0.645,0.0,@CBS,0.355,CBS stars are glowing with holiday spirit! See how the stars are getting festive this season:‚Ä¶ https://t.co/7qYTHoxFIc,87
187,0.743,Sat Dec 23 07:24:44 +0000 2017,0.583,0.107,@CBS,0.311,Spread some holiday cheer and laugh along with Dick Van Dyke and Mary Tyler Moore in two back-to-back episodes of T‚Ä¶ https://t.co/N89JoYvXZW,88
188,0.8687,Sat Dec 23 06:39:45 +0000 2017,0.635,0.0,@CBS,0.365,Come home for the holidays with Lucy and Ricky in the I Love Lucy Christmas Special! Stream the full show:‚Ä¶ https://t.co/s7f9mjEtER,89
189,-0.1531,Sat Dec 23 01:38:37 +0000 2017,0.769,0.127,@CBS,0.104,"Tonight at 9/8c, gather the family for two hilarious episodes of this classic sitcom in The Dick Van Dyke Show- Now‚Ä¶ https://t.co/YcyECVr2NN",90
190,0.9422,Sat Dec 23 00:39:52 +0000 2017,0.531,0.0,@CBS,0.469,Get ready to laugh in the holidays tonight with Lucy and the gang in the I Love Lucy Christmas Special at 8/7c! Str‚Ä¶ https://t.co/txU2TwXWOg,91
191,0.6588,Fri Dec 22 19:35:35 +0000 2017,0.759,0.0,@CBS,0.241,"Tonight, ring in the holidays with two back-to-back episodes of a timeless comedy classic, now in color! Watch the‚Ä¶ https://t.co/skJsgJdQel",92
192,0.6597,Fri Dec 22 18:03:20 +0000 2017,0.722,0.0,@CBS,0.278,"Groundbreaking, daring, fearless. This is CBS All Access Originals. 

Sign up now to watch @StarTrekCBS,‚Ä¶ https://t.co/kvPsJafYrN",93
193,0.5255,Fri Dec 22 14:04:52 +0000 2017,0.841,0.0,@CBS,0.159,2017 Honoree @LLCoolJ is the first hip-hop artist recognized at the #KCHonors! Learn more about the @NCISLA star's‚Ä¶ https://t.co/eK91KdBNpG,94
194,0.8718,Thu Dec 21 12:04:04 +0000 2017,0.632,0.0,@CBS,0.368,"She's at it again! Tomorrow, relive Lucy's hilarious antics during the I Love Lucy Christmas Special at 8/7c on CBS‚Ä¶ https://t.co/g01UGGLEDk",95
195,0.6597,Thu Dec 21 01:04:27 +0000 2017,0.787,0.0,@CBS,0.213,"RT @survivorcbs: 6 heroes, 6 healers, 6 hustlers, but only 1 sole #Survivor. Ready to find out who it is? Tune in to the #SurvivorFinale no‚Ä¶",96
196,0.3818,Wed Dec 20 23:00:04 +0000 2017,0.843,0.0,@CBS,0.157,Watch @kelly_clarkson deliver a moving performance of 'Christmas Eve' during A Home for the Holidays with‚Ä¶ https://t.co/TAcstl7VYh,97
197,0.743,Wed Dec 20 21:08:10 +0000 2017,0.751,0.0,@CBS,0.249,"In two days, celebrate the holidays with the gang with two back-to-back episodes of the classic sitcom during the I‚Ä¶ https://t.co/FRr8jX7MXZ",98
198,0.7222,Wed Dec 20 20:10:15 +0000 2017,0.719,0.0,@CBS,0.281,2017 Honoree @LLCoolJ salutes James Brown for paving the way for artists like himself. Don't miss The 40th Annual K‚Ä¶ https://t.co/310Wfk7EoW,99
199,0.0,Wed Dec 20 19:31:47 +0000 2017,1.0,0.0,@CBS,0.0,Singer-songwriter @JoshGroban delivers a powerhouse performance while raising awareness of adoption through foster‚Ä¶ https://t.co/FiQKJdx7Ty,100
200,-0.4588,Sat Jan 13 04:31:18 +0000 2018,0.8,0.2,@CNN,0.0,This teacher stood up at a school board meeting to criticize a superintendent's pay raise. Then she was handcuffed.‚Ä¶ https://t.co/XfQEeBtmLL,1
201,-0.4588,Sat Jan 13 04:16:02 +0000 2018,0.824,0.176,@CNN,0.0,"Former President Obama explains ""what the Russians exploited"" in new interview with David Letterman‚Ä¶ https://t.co/s9uk9jImm6",2
202,0.0,Sat Jan 13 04:00:31 +0000 2018,1.0,0.0,@CNN,0.0,The closure of a coal mine near the Pennsylvania-West Virginia border will wipe out many of President Trump's coal‚Ä¶ https://t.co/b0fTYciavq,3
203,0.0,Sat Jan 13 03:46:07 +0000 2018,1.0,0.0,@CNN,0.0,Legendary singer-songwriter Eric Clapton says he is going deaf https://t.co/XsRcTqZ4WO https://t.co/lQUdlmX9kj,4
204,0.2732,Sat Jan 13 03:30:16 +0000 2018,0.884,0.0,@CNN,0.116,"The Trump administration has eliminated or replaced references to climate change, renewable energy and similar topi‚Ä¶ https://t.co/eiqAhIyBo5",5
205,0.4215,Sat Jan 13 03:16:06 +0000 2018,0.817,0.0,@CNN,0.183,This little satellite named PicSat just launched in an attempt to make a huge observation: watching an exoplanet pa‚Ä¶ https://t.co/KujchQvtuE,6
206,-0.5574,Sat Jan 13 03:08:05 +0000 2018,0.621,0.269,@CNN,0.11,"RT @CNNTonight: .@DonLemon: It's painfully ironic, or for some, just plain painful, that, today, the President sought to honor Dr. Martin L‚Ä¶",7
207,-0.1779,Sat Jan 13 03:07:46 +0000 2018,0.757,0.135,@CNN,0.108,RT @NewDay: Does big game hunting help or hurt endangered animals?: Activists debate the future of the sport and conservation #CuomoPrimeTi‚Ä¶,8
208,0.0,Sat Jan 13 03:01:13 +0000 2018,1.0,0.0,@CNN,0.0,Tourists had to be airlifted out of this ski resort after heavy snowfall in Switzerland https://t.co/41oldMzsBV https://t.co/gwX7u1TOL8,9
209,-0.7845,Sat Jan 13 02:55:37 +0000 2018,0.615,0.385,@CNN,0.0,"Flu stomps the nation, overwhelming ERs and leaving 20 children dead https://t.co/xaTN5NXMu8 https://t.co/w2P54blZLC",10
210,0.0,Sat Jan 13 02:45:42 +0000 2018,1.0,0.0,@CNN,0.0,"""My shithole in Africa"": President Trump's reported comments have sparked a global reaction https://t.co/GXKlawvTK0 https://t.co/9InUaFlRrS",11
211,0.1027,Sat Jan 13 02:39:11 +0000 2018,0.738,0.123,@CNN,0.139,"RT @CNNnewsroom: Maryland gubernatorial candidate, Democrat Benjamin Jealous: ""Has [Trump] been to the Statue of Liberty recently? Has he r‚Ä¶",12
212,-0.6486,Sat Jan 13 02:30:18 +0000 2018,0.661,0.264,@CNN,0.075,"A growing body of research shows that over-immersion in smartphones can lead to depression, lack of sleep, difficul‚Ä¶ https://t.co/zrdVfuuoMg",13
213,-0.8402,Sat Jan 13 02:26:08 +0000 2018,0.692,0.308,@CNN,0.0,"""We know he's a racist, he's demonstrated that. ... He's a racist both in his actions and his words,"" NAACP Preside‚Ä¶ https://t.co/uUzQqjt1On",14
214,0.0,Sat Jan 13 02:17:54 +0000 2018,1.0,0.0,@CNN,0.0,"Former Trump campaign manager Corey Lewandowski on WSJ's porn star payment story: ""I don't know why this is a news‚Ä¶ https://t.co/wH6iBDZqeh",15
215,0.0,Sat Jan 13 02:15:01 +0000 2018,1.0,0.0,@CNN,0.0,"""She should not be in the classroom"": A mother says a reprimand is not sufficient after her son's teacher told him‚Ä¶ https://t.co/RVU0AHYAWL",16
216,-0.5574,Sat Jan 13 02:00:36 +0000 2018,0.735,0.265,@CNN,0.0,White House personal cell phone ban starts next week https://t.co/RsGc3V4CAH https://t.co/iwNI7ChvUA,17
217,0.5719,Sat Jan 13 01:57:38 +0000 2018,0.829,0.0,@CNN,0.171,"President Trump is ""in excellent health,"" the White House doctor says after Trump's first known medical checkup sin‚Ä¶ https://t.co/cCXi4GgfUS",18
218,-0.2023,Sat Jan 13 01:47:22 +0000 2018,0.909,0.091,@CNN,0.0,"Controversial conservative filmmaker James O'Keefe says that in 2013, Donald Trump asked him if he could ""get insid‚Ä¶ https://t.co/RJICbTLJCn",19
219,-0.6124,Sat Jan 13 01:46:59 +0000 2018,0.857,0.143,@CNN,0.0,"RT @AC360: Gold Star father Khizr Khan to @jimsciutto: ""When the holder of the highest office of this nation is a bigot and a racist that r‚Ä¶",20
220,-0.4588,Sat Jan 13 04:31:18 +0000 2018,0.8,0.2,@CNN,0.0,This teacher stood up at a school board meeting to criticize a superintendent's pay raise. Then she was handcuffed.‚Ä¶ https://t.co/XfQEeBtmLL,21
221,-0.4588,Sat Jan 13 04:16:02 +0000 2018,0.824,0.176,@CNN,0.0,"Former President Obama explains ""what the Russians exploited"" in new interview with David Letterman‚Ä¶ https://t.co/s9uk9jImm6",22
222,0.0,Sat Jan 13 04:00:31 +0000 2018,1.0,0.0,@CNN,0.0,The closure of a coal mine near the Pennsylvania-West Virginia border will wipe out many of President Trump's coal‚Ä¶ https://t.co/b0fTYciavq,23
223,0.0,Sat Jan 13 03:46:07 +0000 2018,1.0,0.0,@CNN,0.0,Legendary singer-songwriter Eric Clapton says he is going deaf https://t.co/XsRcTqZ4WO https://t.co/lQUdlmX9kj,24
224,0.2732,Sat Jan 13 03:30:16 +0000 2018,0.884,0.0,@CNN,0.116,"The Trump administration has eliminated or replaced references to climate change, renewable energy and similar topi‚Ä¶ https://t.co/eiqAhIyBo5",25
225,0.4215,Sat Jan 13 03:16:06 +0000 2018,0.817,0.0,@CNN,0.183,This little satellite named PicSat just launched in an attempt to make a huge observation: watching an exoplanet pa‚Ä¶ https://t.co/KujchQvtuE,26
226,-0.5574,Sat Jan 13 03:08:05 +0000 2018,0.621,0.269,@CNN,0.11,"RT @CNNTonight: .@DonLemon: It's painfully ironic, or for some, just plain painful, that, today, the President sought to honor Dr. Martin L‚Ä¶",27
227,-0.1779,Sat Jan 13 03:07:46 +0000 2018,0.757,0.135,@CNN,0.108,RT @NewDay: Does big game hunting help or hurt endangered animals?: Activists debate the future of the sport and conservation #CuomoPrimeTi‚Ä¶,28
228,0.0,Sat Jan 13 03:01:13 +0000 2018,1.0,0.0,@CNN,0.0,Tourists had to be airlifted out of this ski resort after heavy snowfall in Switzerland https://t.co/41oldMzsBV https://t.co/gwX7u1TOL8,29
229,-0.7845,Sat Jan 13 02:55:37 +0000 2018,0.615,0.385,@CNN,0.0,"Flu stomps the nation, overwhelming ERs and leaving 20 children dead https://t.co/xaTN5NXMu8 https://t.co/w2P54blZLC",30
230,0.0,Sat Jan 13 02:45:42 +0000 2018,1.0,0.0,@CNN,0.0,"""My shithole in Africa"": President Trump's reported comments have sparked a global reaction https://t.co/GXKlawvTK0 https://t.co/9InUaFlRrS",31
231,0.1027,Sat Jan 13 02:39:11 +0000 2018,0.738,0.123,@CNN,0.139,"RT @CNNnewsroom: Maryland gubernatorial candidate, Democrat Benjamin Jealous: ""Has [Trump] been to the Statue of Liberty recently? Has he r‚Ä¶",32
232,-0.6486,Sat Jan 13 02:30:18 +0000 2018,0.661,0.264,@CNN,0.075,"A growing body of research shows that over-immersion in smartphones can lead to depression, lack of sleep, difficul‚Ä¶ https://t.co/zrdVfuuoMg",33
233,-0.8402,Sat Jan 13 02:26:08 +0000 2018,0.692,0.308,@CNN,0.0,"""We know he's a racist, he's demonstrated that. ... He's a racist both in his actions and his words,"" NAACP Preside‚Ä¶ https://t.co/uUzQqjt1On",34
234,0.0,Sat Jan 13 02:17:54 +0000 2018,1.0,0.0,@CNN,0.0,"Former Trump campaign manager Corey Lewandowski on WSJ's porn star payment story: ""I don't know why this is a news‚Ä¶ https://t.co/wH6iBDZqeh",35
235,0.0,Sat Jan 13 02:15:01 +0000 2018,1.0,0.0,@CNN,0.0,"""She should not be in the classroom"": A mother says a reprimand is not sufficient after her son's teacher told him‚Ä¶ https://t.co/RVU0AHYAWL",36
236,-0.5574,Sat Jan 13 02:00:36 +0000 2018,0.735,0.265,@CNN,0.0,White House personal cell phone ban starts next week https://t.co/RsGc3V4CAH https://t.co/iwNI7ChvUA,37
237,0.5719,Sat Jan 13 01:57:38 +0000 2018,0.829,0.0,@CNN,0.171,"President Trump is ""in excellent health,"" the White House doctor says after Trump's first known medical checkup sin‚Ä¶ https://t.co/cCXi4GgfUS",38
238,-0.2023,Sat Jan 13 01:47:22 +0000 2018,0.909,0.091,@CNN,0.0,"Controversial conservative filmmaker James O'Keefe says that in 2013, Donald Trump asked him if he could ""get insid‚Ä¶ https://t.co/RJICbTLJCn",39
239,-0.6124,Sat Jan 13 01:46:59 +0000 2018,0.857,0.143,@CNN,0.0,"RT @AC360: Gold Star father Khizr Khan to @jimsciutto: ""When the holder of the highest office of this nation is a bigot and a racist that r‚Ä¶",40
240,0.5574,Sat Jan 13 01:42:26 +0000 2018,0.769,0.0,@CNN,0.231,"The remarkable Republican underreaction on the ""shithole countries"" controversy | Analysis by @CillizzaCNN‚Ä¶ https://t.co/KGHn0MfdfM",41
241,-0.7845,Sat Jan 13 01:39:16 +0000 2018,0.723,0.277,@CNN,0.0,Prosecutors in Dallas will decide in the coming weeks whether to seek the death penalty against the adoptive father‚Ä¶ https://t.co/52cestTqvZ,42
242,0.0,Sat Jan 13 01:36:13 +0000 2018,1.0,0.0,@CNN,0.0,"Gold Star father Khizr Khan discusses President Trump's remarks: ""When the holder of the highest office of this nat‚Ä¶ https://t.co/BdYjS3Byle",43
243,0.0,Sat Jan 13 01:34:37 +0000 2018,1.0,0.0,@CNN,0.0,Gold Star father Khizr Khan on President Trump's reported remarks: There are members of the Armed Forces who come f‚Ä¶ https://t.co/s28PLVMtSv,44
244,-0.2263,Sat Jan 13 01:25:41 +0000 2018,0.881,0.119,@CNN,0.0,A group representing African countries has issued a blistering statement demanding that US President Trump retract‚Ä¶ https://t.co/FOTprwODe0,45
245,0.0,Sat Jan 13 01:22:40 +0000 2018,1.0,0.0,@CNN,0.0,How a bipartisan policy meeting devolved into vulgarity https://t.co/jAU8ORjtBZ https://t.co/MEmtA8GIhN,46
246,0.0,Sat Jan 13 01:22:30 +0000 2018,1.0,0.0,@CNN,0.0,"RT @AC360: .@jimsciutto: Just hours after reports President Trump had denigrated Haitians and others, and on the eve of the anniversary of‚Ä¶",47
247,0.0,Sat Jan 13 01:16:05 +0000 2018,1.0,0.0,@CNN,0.0,"A long-awaited report on the Sandy Hook massacre concludes the state police response was ""handled effectively,"" but‚Ä¶ https://t.co/2HEVPI5osa",48
248,0.0,Sat Jan 13 01:10:52 +0000 2018,1.0,0.0,@CNN,0.0,"President Donald Trump's reported derogatory remarks about Haiti and slur against immigrants from ""shithole"" countr‚Ä¶ https://t.co/8rFu8G0HtR",49
249,0.9169,Sat Jan 13 00:56:43 +0000 2018,0.569,0.0,@CNN,0.431,"""The Statue of Liberty doesn't say send me your richest, your smartest, as well as your whitest people. That's not‚Ä¶ https://t.co/64kwt9YZgI",50
250,-0.8402,Sat Jan 13 00:45:08 +0000 2018,0.692,0.308,@CNN,0.0,"RT @OutFrontCNN: ""We know he's a racist, he's demonstrated that...he's a racist both in his actions and his words"" - Derrick Johnson, NAACP‚Ä¶",51
251,0.1531,Sat Jan 13 00:33:57 +0000 2018,0.659,0.14,@CNN,0.202,"Kyler Baughman, who had been considered to be a fit and healthy 21-year-old, died from complications due to the flu‚Ä¶ https://t.co/lJXxM7GIc9",52
252,0.2732,Sat Jan 13 00:26:01 +0000 2018,0.751,0.099,@CNN,0.15,"""If you're concerned about inequality, health care, climate change or even the nastiness of our political disagreem‚Ä¶ https://t.co/DkWNydXXY0",53
253,0.0,Sat Jan 13 00:18:07 +0000 2018,1.0,0.0,@CNN,0.0,"RT @CNNSitRoom: ""So you think he's a racist,"" Wolf Blitzer asks Ted Lieu. ""Absolutely...absolutely,"" answers the Democratic Congressman fro‚Ä¶",54
254,0.0,Sat Jan 13 00:13:03 +0000 2018,1.0,0.0,@CNN,0.0,Donald Trump's enmity for Haiti | By Peniel Joseph via @CNNOpinion https://t.co/FVxZRljAee https://t.co/23LBXZKBxV,55
255,0.5423,Sat Jan 13 00:03:05 +0000 2018,0.8,0.0,@CNN,0.2,MSNBC host Chris Matthews has apologized after video footage surfaced showing him making a racy joke prior to an in‚Ä¶ https://t.co/fTJS0pITWe,56
256,0.0,Sat Jan 13 00:01:06 +0000 2018,1.0,0.0,@CNN,0.0,This Nigerian couple married seven days after meeting on Facebook https://t.co/MYnkP2gB0S https://t.co/OFngVZxVlf,57
257,0.0,Fri Jan 12 23:54:06 +0000 2018,1.0,0.0,@CNN,0.0,"Chris Cillizza: Oprah is following the path of ""a very traditional candidate"" https://t.co/0ucKwBuBtr https://t.co/yB6AlVADoW",58
258,0.296,Fri Jan 12 23:48:07 +0000 2018,0.891,0.0,@CNN,0.109,Shares in Viacom and CBS jumped after a report that the sibling media companies might be reunited once again‚Ä¶ https://t.co/hXHhqYzcGf,59
259,-0.4767,Fri Jan 12 23:41:04 +0000 2018,0.795,0.205,@CNN,0.0,The immigrants who prove Trump wrong | By Amy Bass via @CNNOpinion https://t.co/znByieFF3F https://t.co/2nkVmBYnhy,60
260,-0.4215,Fri Jan 12 23:40:13 +0000 2018,0.859,0.141,@CNN,0.0,President Trump‚Äôs longtime attorney denies that Trump had a sexual encounter with a porn star in 2006 following a W‚Ä¶ https://t.co/1T3T6sSWbm,61
261,0.8718,Fri Jan 12 23:33:16 +0000 2018,0.588,0.068,@CNN,0.343,"RT @CNNSitRoom: ""My grandmother, who was very poor, but was very wise, she would...always say, if it walks like a duck, quacks like a duck,‚Ä¶",62
262,-0.9186,Fri Jan 12 23:33:03 +0000 2018,0.5,0.5,@CNN,0.0,"A former Idaho state representative who resigned last fall amid sexual abuse accusations has killed himself, offici‚Ä¶ https://t.co/bzDgQ9bu5C",63
263,0.0,Fri Jan 12 23:26:59 +0000 2018,1.0,0.0,@CNN,0.0,"Florida man, 20, claims $450 million lottery jackpot https://t.co/8yCzI5L0zl https://t.co/06PI25jYDz",64
264,0.0,Fri Jan 12 23:13:17 +0000 2018,1.0,0.0,@CNN,0.0,Female soccer fans in Saudi Arabia have attended their first match. The game was the first time a major sporting ev‚Ä¶ https://t.co/UXJkiRdMJN,65
265,0.6249,Fri Jan 12 23:11:05 +0000 2018,0.797,0.0,@CNN,0.203,"""In the grand scheme ... it's not going to turn any supporter I know of from him.""

Here's a look at how President‚Ä¶ https://t.co/VW1DfPAHWh",66
266,0.4404,Fri Jan 12 23:10:07 +0000 2018,0.888,0.0,@CNN,0.112,"RT @CNNSitRoom: ""We have to decide as a country that we are better than this...it's going to require people on the left, on the right...Dem‚Ä¶",67
267,0.5574,Fri Jan 12 23:04:15 +0000 2018,0.714,0.0,@CNN,0.286,The Supreme Court takes up a Texas redistricting case https://t.co/rTtIaJflTa https://t.co/szsX5NL0AW,68
268,0.3612,Fri Jan 12 22:53:11 +0000 2018,0.889,0.0,@CNN,0.111,"""It was like a torrent of water and boulders and rocks and mud."" Firefighters captured footage of this car being sw‚Ä¶ https://t.co/rmBRBTAgL5",69
269,0.0,Fri Jan 12 22:38:45 +0000 2018,1.0,0.0,@CNN,0.0,Airbus built a lot of planes for China last year -- but can't deliver them https://t.co/1bLym6bDkb https://t.co/I2dxBGZyK8,70
270,0.0,Fri Jan 12 22:24:20 +0000 2018,1.0,0.0,@CNN,0.0,"They're nurses, accountants, students. Some of them come from places that US President Trump has reportedly called‚Ä¶ https://t.co/bm24sxEtXq",71
271,-0.5719,Fri Jan 12 22:12:31 +0000 2018,0.829,0.171,@CNN,0.0,"RT @TheLeadCNN: Republican Gov. John Kasich: Time to ""move on"" from President Trump's crude remarks about other countries https://t.co/pSsT‚Ä¶",72
272,0.0,Fri Jan 12 22:11:58 +0000 2018,1.0,0.0,@CNN,0.0,"Republican Gov. John Kasich on President Trump's vulgar remarks: ""The comments were ... totally inappropriate and w‚Ä¶ https://t.co/jYZGf1iuzt",73
273,0.4939,Fri Jan 12 22:10:10 +0000 2018,0.833,0.0,@CNN,0.167,"RT @TheLeadCNN: CNN's Dr. Sanjay Gupta: President Trump's diet is ""pretty atrocious ... it's extraordinary, really"" https://t.co/AptzG7DwLI",74
274,0.0,Fri Jan 12 22:00:51 +0000 2018,1.0,0.0,@CNN,0.0,"A day after President Trump reportedly made highly incendiary comments about immigrants and African countries, two‚Ä¶ https://t.co/87L3siZ1hK",75
275,0.0,Fri Jan 12 21:55:07 +0000 2018,1.0,0.0,@CNN,0.0,House Speaker Paul Ryan said Republicans will not attach an immigration deal to a must-pass spending bill ahead of‚Ä¶ https://t.co/6LfJJEldej,76
276,-0.296,Fri Jan 12 21:40:06 +0000 2018,0.891,0.109,@CNN,0.0,"Cough and cold medicines containing opioid ingredients, such as codeine or hydrocodone, should no longer be given t‚Ä¶ https://t.co/xoOalZklh3",77
277,-0.4019,Fri Jan 12 21:35:03 +0000 2018,0.863,0.137,@CNN,0.0,Intel says its patches for Spectre and Meltdown are causing problems for computers using its older chips‚Ä¶ https://t.co/A9eeg2ZgMM,78
278,0.1779,Fri Jan 12 21:30:14 +0000 2018,0.914,0.0,@CNN,0.086,"Amazon CEO Jeff Bezos and his wife, MacKenzie, are donating $33 million to send 1,000 Dreamers to college‚Ä¶ https://t.co/m2kyjl6k1P",79
279,0.5859,Fri Jan 12 21:27:09 +0000 2018,0.826,0.0,@CNN,0.174,Billionaire Democratic megadonor Tom Steyer will spend $30 million on an effort to win control of the House‚Ä¶ https://t.co/UxJoulSUxX,80
280,-0.8229,Fri Jan 12 21:21:04 +0000 2018,0.65,0.35,@CNN,0.0,"Hillary Clinton criticized President Trump, saying he has ""ignorant, racist views of anyone who doesn't look like h‚Ä¶ https://t.co/S3JrUlcDzn",81
281,0.128,Fri Jan 12 21:20:37 +0000 2018,0.933,0.0,@CNN,0.067,"RT @TheLeadCNN: .@jaketapper responds to Fox News host's defense of President Trump‚Äôs vulgar remarks: ""There is a word for people who go to‚Ä¶",82
282,-0.1027,Fri Jan 12 21:15:05 +0000 2018,0.778,0.122,@CNN,0.1,A review has found no improper political interference in a Treasury Department analysis of the Trump administration‚Ä¶ https://t.co/7f9nY6ZolG,83
283,0.4939,Fri Jan 12 21:10:10 +0000 2018,0.824,0.0,@CNN,0.176,The Carrier plant that President Trump pledged to save lays off another 215 workers https://t.co/exANrz7eqT https://t.co/KhFcuRAV6N,84
284,0.4215,Fri Jan 12 21:03:12 +0000 2018,0.887,0.0,@CNN,0.113,"‚ÄúHe‚Äôs the President of the United States of America. We expect more of him. We expect him to be an example.‚Äù

Here‚Äô‚Ä¶ https://t.co/u4YVGXtlqW",85
285,0.0,Fri Jan 12 20:58:48 +0000 2018,1.0,0.0,@CNN,0.0,"GOP Sen. Lindsey Graham was one of the several lawmakers who were in the room when President Trump made his ""shitho‚Ä¶ https://t.co/k484SOfOMT",86
286,0.34,Fri Jan 12 20:55:06 +0000 2018,0.882,0.0,@CNN,0.118,The Administrative Office of the US Courts has established a working group to examine the safeguards in place withi‚Ä¶ https://t.co/LSbSrZSjdX,87
287,0.0,Fri Jan 12 20:54:53 +0000 2018,1.0,0.0,@CNN,0.0,"The NAACP posted a statement on its website today that denounced President Trump‚Äôs recent remarks, calling this a ""‚Ä¶ https://t.co/e3CFL4hXzS",88
288,0.0,Fri Jan 12 20:50:05 +0000 2018,1.0,0.0,@CNN,0.0,A new poll shows Oprah Winfrey with a double-digit lead over President Trump in a would-be 2020 general election ra‚Ä¶ https://t.co/V5WRyS6pEV,89
289,0.0,Fri Jan 12 20:40:14 +0000 2018,1.0,0.0,@CNN,0.0,"London Mayor Sadiq Khan says President Trump ""got the message"" from Londoners after canceling his visit to the city https://t.co/2YqqCwhkCA",90
290,0.0094,Fri Jan 12 20:40:06 +0000 2018,0.786,0.106,@CNN,0.108,"""Let me be clear tonight. The people of Haiti have been through more... withstood more -- they've fought back again‚Ä¶ https://t.co/PO31h5oITf",91
291,0.0,Fri Jan 12 20:35:08 +0000 2018,1.0,0.0,@CNN,0.0,"Alta Fourie showed a picture of her home and manicured garden, which she called ""my shithole in Africa.""

President‚Ä¶ https://t.co/okIIsBlG5H",92
292,0.0,Fri Jan 12 20:31:06 +0000 2018,1.0,0.0,@CNN,0.0,"Isaac Newton Farris Jr., Martin Luther King Jr.'s nephew, said that while he does not believe President Trump is a‚Ä¶ https://t.co/uRloe52pPN",93
293,-0.7845,Fri Jan 12 20:26:03 +0000 2018,0.615,0.385,@CNN,0.0,"Flu stomps the nation, overwhelming ERs and leaving 20 children dead https://t.co/zqDlyDkWxi https://t.co/u6FsvIKnbF",94
294,-0.5106,Fri Jan 12 20:21:37 +0000 2018,0.82,0.18,@CNN,0.0,"Democratic Sen. Dick Durbin, who attended the immigration meeting, confirms President Trump made ‚Äúshithole countrie‚Ä¶ https://t.co/UsSWt3vwF7",95
295,-0.25,Fri Jan 12 20:16:45 +0000 2018,0.875,0.125,@CNN,0.0,The US ambassador to Panama has resigned over differences with the Trump administration https://t.co/Y5wXAGDkfJ https://t.co/JusbK9aUci,96
296,0.0,Fri Jan 12 20:15:09 +0000 2018,1.0,0.0,@CNN,0.0,"As Congress negotiates a deal to keep about 700,000 DACA recipients here in the US, some are considering whether ma‚Ä¶ https://t.co/aJqhUAzMx8",97
297,0.1779,Fri Jan 12 20:10:07 +0000 2018,0.914,0.0,@CNN,0.086,"Amazon CEO Jeff Bezos and his wife, MacKenzie, are donating $33 million to send 1,000 Dreamers to college‚Ä¶ https://t.co/63r1FQsnQF",98
298,-0.34,Fri Jan 12 20:05:07 +0000 2018,0.854,0.146,@CNN,0.0,"The Thomas Fire, once the largest in California history, is now 100% contained https://t.co/6VFcR9cwv3 https://t.co/wKNa9Bv9it",99
299,0.0,Fri Jan 12 20:00:19 +0000 2018,1.0,0.0,@CNN,0.0,"After Trump cited disapproval with London's new US embassy as the reason for canceling his visit to the city, Madam‚Ä¶ https://t.co/CaWYhFDfeH",100
300,0.0,Sat Jan 13 04:25:11 +0000 2018,1.0,0.0,@FoxNews,0.0,Pilots assigned to the @USNavy @BlueAngels walk down the flight line before entering their jets during winter train‚Ä¶ https://t.co/6wNGnmBU2C,1
301,-0.0572,Sat Jan 13 04:11:46 +0000 2018,0.908,0.092,@FoxNews,0.0,.@TuckerCarlson: #Trump's 'S---hole' Comment Forcing a Conversation Our Leaders Don't Want to Have https://t.co/Sxp5QlRoNV,2
302,0.0,Sat Jan 13 03:50:03 +0000 2018,1.0,0.0,@FoxNews,0.0,.@sendavidperdue and @SenTomCotton issued a statement on yesterday's immigration meeting in the Oval Office with Pr‚Ä¶ https://t.co/2SLCug08EX,3
303,-0.5106,Sat Jan 13 03:48:32 +0000 2018,0.68,0.32,@FoxNews,0.0,47 @RoyalCaribbean passengers sick with gastrointestinal bug https://t.co/3yiZNvx4Vx,4
304,-0.34,Sat Jan 13 03:42:33 +0000 2018,0.844,0.156,@FoxNews,0.0,Hannity &amp; Gingrich Fire Back at Obama Over His Comments About Fox News https://t.co/qCKrn9XpRr,5
305,0.5859,Sat Jan 13 03:30:05 +0000 2018,0.743,0.0,@FoxNews,0.257,"On Friday, @POTUS honored Martin Luther King, Jr. Day with proclamation. https://t.co/3VFXEZPHts",6
306,0.0,Sat Jan 13 03:24:56 +0000 2018,1.0,0.0,@FoxNews,0.0,"Las Vegas shooter's girlfriend said she handled his ammo, helped him load magazines, unsealed docs say (via‚Ä¶ https://t.co/48HdxiIyqG",7
307,0.0,Sat Jan 13 03:17:42 +0000 2018,1.0,0.0,@FoxNews,0.0,"Kevin Jackson: ""@realDonaldTrump is proving that when you're a leader and you go out and you do the right things, t‚Ä¶ https://t.co/f7DQMWNpOP",8
308,-0.6908,Sat Jan 13 03:15:06 +0000 2018,0.695,0.305,@FoxNews,0.0,"Moments ago, @HillaryClinton slammed President @realDonaldTrump, accusing him of ""ignorant, racist views of anyone‚Ä¶ https://t.co/XlxrFwL7tH",9
309,0.2382,Sat Jan 13 03:13:09 +0000 2018,0.907,0.0,@FoxNews,0.093,"Garland Nixon on DACA: ""Republicans may feel good but they weren't paying attention to what happened in Virginia, a‚Ä¶ https://t.co/MQrEn3ssRg",10
310,0.128,Sat Jan 13 03:05:19 +0000 2018,0.758,0.109,@FoxNews,0.133,'Angel Mom' Slams Congress for Lack of Progress on Immigration: 'Do What You Were Elected to Do' https://t.co/aIixd7lKbS,11
311,-0.7906,Sat Jan 13 03:01:00 +0000 2018,0.533,0.467,@FoxNews,0.0,Steven Seagal accused of raping movie extra in 1993 https://t.co/UP0ALhe2HY,12
312,-0.0015,Sat Jan 13 02:51:04 +0000 2018,0.806,0.097,@FoxNews,0.097,"""Republicans are 100% right. We'll be doing DACA 2.0 in two years if we don't have better border security, and that‚Ä¶ https://t.co/VD4CPQKBeT",13
313,0.0,Sat Jan 13 02:50:00 +0000 2018,1.0,0.0,@FoxNews,0.0,Illinois AG candidate robbed at gunpoint in Chicago during campaign photoshoot https://t.co/ACP7ZHwLfm,14
314,0.5106,Sat Jan 13 02:40:02 +0000 2018,0.798,0.0,@FoxNews,0.202,"At a @WhiteHouse event honoring Martin Luther King Day, @SecretaryCarson offered a message of unity. https://t.co/uIZkH7vdto",15
315,0.0,Sat Jan 13 02:34:42 +0000 2018,1.0,0.0,@FoxNews,0.0,"Former President @BarackObama resurfaced on Friday and took a shot at Fox News viewers, saying they‚Äôre ‚Äúliving on a‚Ä¶ https://t.co/rgft1XNsWX",16
316,0.4019,Sat Jan 13 02:33:22 +0000 2018,0.876,0.0,@FoxNews,0.124,".@AlanDersh: ""I don't think the Russians tried to influence the election necessarily in favor of one candidate or t‚Ä¶ https://t.co/KN1Pu6MfXw",17
317,0.34,Sat Jan 13 02:30:00 +0000 2018,0.882,0.0,@FoxNews,0.118,'She's So Out of It': @IngrahamAngle Takes on @NancyPelosi for Saying Companies Just Giving Out 'Crumbs' After Tax‚Ä¶ https://t.co/xT8tWWiUEw,18
318,0.0,Sat Jan 13 02:26:04 +0000 2018,1.0,0.0,@FoxNews,0.0,.@realDonaldTrump has first presidential physical: What to know https://t.co/o8otIwiNIg,19
319,0.0,Sat Jan 13 02:15:06 +0000 2018,1.0,0.0,@FoxNews,0.0,Former @WhiteHouse Communications Director Anthony @Scaramucci defended President @realDonaldTrump against charges‚Ä¶ https://t.co/H0XuaupHsw,20
320,0.0,Sat Jan 13 04:25:11 +0000 2018,1.0,0.0,@FoxNews,0.0,Pilots assigned to the @USNavy @BlueAngels walk down the flight line before entering their jets during winter train‚Ä¶ https://t.co/6wNGnmBU2C,21
321,-0.0572,Sat Jan 13 04:11:46 +0000 2018,0.908,0.092,@FoxNews,0.0,.@TuckerCarlson: #Trump's 'S---hole' Comment Forcing a Conversation Our Leaders Don't Want to Have https://t.co/Sxp5QlRoNV,22
322,0.0,Sat Jan 13 03:50:03 +0000 2018,1.0,0.0,@FoxNews,0.0,.@sendavidperdue and @SenTomCotton issued a statement on yesterday's immigration meeting in the Oval Office with Pr‚Ä¶ https://t.co/2SLCug08EX,23
323,-0.5106,Sat Jan 13 03:48:32 +0000 2018,0.68,0.32,@FoxNews,0.0,47 @RoyalCaribbean passengers sick with gastrointestinal bug https://t.co/3yiZNvx4Vx,24
324,-0.34,Sat Jan 13 03:42:33 +0000 2018,0.844,0.156,@FoxNews,0.0,Hannity &amp; Gingrich Fire Back at Obama Over His Comments About Fox News https://t.co/qCKrn9XpRr,25
325,0.5859,Sat Jan 13 03:30:05 +0000 2018,0.743,0.0,@FoxNews,0.257,"On Friday, @POTUS honored Martin Luther King, Jr. Day with proclamation. https://t.co/3VFXEZPHts",26
326,0.0,Sat Jan 13 03:24:56 +0000 2018,1.0,0.0,@FoxNews,0.0,"Las Vegas shooter's girlfriend said she handled his ammo, helped him load magazines, unsealed docs say (via‚Ä¶ https://t.co/48HdxiIyqG",27
327,0.0,Sat Jan 13 03:17:42 +0000 2018,1.0,0.0,@FoxNews,0.0,"Kevin Jackson: ""@realDonaldTrump is proving that when you're a leader and you go out and you do the right things, t‚Ä¶ https://t.co/f7DQMWNpOP",28
328,-0.6908,Sat Jan 13 03:15:06 +0000 2018,0.695,0.305,@FoxNews,0.0,"Moments ago, @HillaryClinton slammed President @realDonaldTrump, accusing him of ""ignorant, racist views of anyone‚Ä¶ https://t.co/XlxrFwL7tH",29
329,0.2382,Sat Jan 13 03:13:09 +0000 2018,0.907,0.0,@FoxNews,0.093,"Garland Nixon on DACA: ""Republicans may feel good but they weren't paying attention to what happened in Virginia, a‚Ä¶ https://t.co/MQrEn3ssRg",30
330,0.128,Sat Jan 13 03:05:19 +0000 2018,0.758,0.109,@FoxNews,0.133,'Angel Mom' Slams Congress for Lack of Progress on Immigration: 'Do What You Were Elected to Do' https://t.co/aIixd7lKbS,31
331,-0.7906,Sat Jan 13 03:01:00 +0000 2018,0.533,0.467,@FoxNews,0.0,Steven Seagal accused of raping movie extra in 1993 https://t.co/UP0ALhe2HY,32
332,-0.0015,Sat Jan 13 02:51:04 +0000 2018,0.806,0.097,@FoxNews,0.097,"""Republicans are 100% right. We'll be doing DACA 2.0 in two years if we don't have better border security, and that‚Ä¶ https://t.co/VD4CPQKBeT",33
333,0.0,Sat Jan 13 02:50:00 +0000 2018,1.0,0.0,@FoxNews,0.0,Illinois AG candidate robbed at gunpoint in Chicago during campaign photoshoot https://t.co/ACP7ZHwLfm,34
334,0.5106,Sat Jan 13 02:40:02 +0000 2018,0.798,0.0,@FoxNews,0.202,"At a @WhiteHouse event honoring Martin Luther King Day, @SecretaryCarson offered a message of unity. https://t.co/uIZkH7vdto",35
335,0.0,Sat Jan 13 02:34:42 +0000 2018,1.0,0.0,@FoxNews,0.0,"Former President @BarackObama resurfaced on Friday and took a shot at Fox News viewers, saying they‚Äôre ‚Äúliving on a‚Ä¶ https://t.co/rgft1XNsWX",36
336,0.4019,Sat Jan 13 02:33:22 +0000 2018,0.876,0.0,@FoxNews,0.124,".@AlanDersh: ""I don't think the Russians tried to influence the election necessarily in favor of one candidate or t‚Ä¶ https://t.co/KN1Pu6MfXw",37
337,0.34,Sat Jan 13 02:30:00 +0000 2018,0.882,0.0,@FoxNews,0.118,'She's So Out of It': @IngrahamAngle Takes on @NancyPelosi for Saying Companies Just Giving Out 'Crumbs' After Tax‚Ä¶ https://t.co/xT8tWWiUEw,38
338,0.0,Sat Jan 13 02:26:04 +0000 2018,1.0,0.0,@FoxNews,0.0,.@realDonaldTrump has first presidential physical: What to know https://t.co/o8otIwiNIg,39
339,0.0,Sat Jan 13 02:15:06 +0000 2018,1.0,0.0,@FoxNews,0.0,Former @WhiteHouse Communications Director Anthony @Scaramucci defended President @realDonaldTrump against charges‚Ä¶ https://t.co/H0XuaupHsw,40
340,0.0,Sat Jan 13 02:11:58 +0000 2018,1.0,0.0,@FoxNews,0.0,"RT @FoxNewsResearch: Since 1990, at least 231 tunnels have been discovered along the U.S.-Mexico border‚Äîmore than 80% of the tunnels crosse‚Ä¶",41
341,0.1779,Sat Jan 13 02:04:46 +0000 2018,0.904,0.0,@FoxNews,0.096,U.N. Ambassador @nikkihaley released a statement after @POTUS announced Friday that he will extend waivers for Iran‚Ä¶ https://t.co/pBsRXsF3W4,42
342,0.3182,Sat Jan 13 02:01:00 +0000 2018,0.645,0.135,@FoxNews,0.219,Nunes charges 'abuse' of government surveillance by FBI and Justice officials https://t.co/wdbg5CAZjo,43
343,0.5423,Sat Jan 13 01:54:49 +0000 2018,0.72,0.0,@FoxNews,0.28,"Wall Street hits new highs on earnings optimism, data https://t.co/kcUhvrCEtT",44
344,-0.5423,Sat Jan 13 01:47:37 +0000 2018,0.739,0.16,@FoxNews,0.101,".@TulsiGabbard on surveillance in the US: ""When you look at what terrorists want, they want us to give up our right‚Ä¶ https://t.co/J2wvfWfEPo",45
345,0.0,Sat Jan 13 01:35:02 +0000 2018,1.0,0.0,@FoxNews,0.0,Owner of urn donated to Goodwill being sought by Washington State police https://t.co/IwXQ8fWup0,46
346,0.0,Sat Jan 13 01:22:47 +0000 2018,1.0,0.0,@FoxNews,0.0,"South Carolina authorities searching for escaped inmate, sheriff says https://t.co/66LpxnOY5g",47
347,-0.5574,Sat Jan 13 01:15:00 +0000 2018,0.381,0.419,@FoxNews,0.2,Online love scams break hearts and leave many in financial ruin https://t.co/MsvOoSxWRA,48
348,0.5719,Sat Jan 13 01:05:00 +0000 2018,0.654,0.0,@FoxNews,0.346,.@WhiteHouse physician: @POTUS in 'excellent health' https://t.co/fHjTRSJEgr https://t.co/YdJEvHh9DS,49
349,0.0,Sat Jan 13 01:03:59 +0000 2018,1.0,0.0,@FoxNews,0.0,.@AriFleischer's Advice to Trump After 'S***hole' Controversy: 'Focus on Substance' https://t.co/Z29pVYYYPr,50
350,0.0,Sat Jan 13 00:52:23 +0000 2018,1.0,0.0,@FoxNews,0.0,"Julie Vader on #TonyaHarding movie: ""If all I knew about Tonya Harding was what I saw in that movie, I would have t‚Ä¶ https://t.co/62LvobMEGR",51
351,0.0,Sat Jan 13 00:49:17 +0000 2018,1.0,0.0,@FoxNews,0.0,.@DrMarcSiegel: What Trump's physical will (and won't) tell us https://t.co/Ahpw1nKzQh,52
352,0.0,Sat Jan 13 00:43:51 +0000 2018,1.0,0.0,@FoxNews,0.0,Texas immigrants detail life on the DACA 'roller coaster' https://t.co/IzxlTJ0opx,53
353,-0.0572,Sat Jan 13 00:42:17 +0000 2018,0.94,0.06,@FoxNews,0.0,"Fred Fleitz on @POTUS extending Iran sanctions: ""North Korea is the president's priority. He does not want both sit‚Ä¶ https://t.co/DiNqMqEYiF",54
354,0.0,Sat Jan 13 00:34:40 +0000 2018,1.0,0.0,@FoxNews,0.0,",@JessicaTarlov on 2018 midterms: ""We need messaging based on policy and @TheDemocrats need to get that under contr‚Ä¶ https://t.co/57rvmg6Ewu",55
355,-0.0516,Sat Jan 13 00:29:42 +0000 2018,0.812,0.098,@FoxNews,0.09,".@nedryun on 2018 midterms: With all of these things going well in the economy, I'm still confused as to what‚Ä¶ https://t.co/4xLidadoZr",56
356,-0.3818,Sat Jan 13 00:19:08 +0000 2018,0.63,0.236,@FoxNews,0.134,".@Richardafowler on immigration reform: ""The Statue of Liberty says 'bring us your poor, your tired and your huddle‚Ä¶ https://t.co/gjdN8DJeQZ",57
357,0.0,Sat Jan 13 00:08:45 +0000 2018,1.0,0.0,@FoxNews,0.0,"Mary Ann Mendoza on sanctuary cities: ""This isn't just about Sgt. Brandon Mendoza or Kate Steinle, this is about te‚Ä¶ https://t.co/ZxymSE1Tdd",58
358,-0.6077,Sat Jan 13 00:05:49 +0000 2018,0.779,0.221,@FoxNews,0.0,OPINION:  What's really behind the furious efforts by Democrats' to spin the Trump dossier https://t.co/2T1jUZDTbN,59
359,-0.4767,Sat Jan 13 00:04:26 +0000 2018,0.662,0.238,@FoxNews,0.099,Rob Lowe slams Bella Thorne over tweet after Santa Barbara mudslides https://t.co/gyucDpeXWl,60
360,0.0,Fri Jan 12 23:38:07 +0000 2018,1.0,0.0,@FoxNews,0.0,"RT @MikeEmanuelFox: Spending bill negotiations complicated by immigration debate - from #SpecialReport tonight: 
https://t.co/vxpwxlOQeW",61
361,0.0,Fri Jan 12 23:34:27 +0000 2018,1.0,0.0,@FoxNews,0.0,The same Russian government-aligned hackers who penetrated the #DemocraticParty have spent the past few months layi‚Ä¶ https://t.co/K9qhGSN1cn,62
362,-0.34,Fri Jan 12 23:27:00 +0000 2018,0.789,0.211,@FoxNews,0.0,"#Trump rep, former porn star deny ‚Äòhush money‚Äô claims https://t.co/EmnFrn7QBs",63
363,0.0,Fri Jan 12 23:12:51 +0000 2018,1.0,0.0,@FoxNews,0.0,Former President @BillClinton posted comments about Haiti on social media Friday and pushed back against the profan‚Ä¶ https://t.co/mcI7vjbmtK,64
364,0.0,Fri Jan 12 22:57:34 +0000 2018,1.0,0.0,@FoxNews,0.0,".@POTUS waives Iran nuclear sanctions, in ‚Äòlast chance‚Äô for Obama-era deal https://t.co/W26hAtBtZO",65
365,-0.6597,Fri Jan 12 22:50:39 +0000 2018,0.649,0.351,@FoxNews,0.0,"Tonya Harding's mother says her daughter is a liar, disputes movie portrayal https://t.co/ka9qcivCQn",66
366,-0.4588,Fri Jan 12 22:43:00 +0000 2018,0.476,0.341,@FoxNews,0.183,Original Mouseketeer Doreen Tracey dead at 74 https://t.co/kgPp5GNrC1,67
367,-0.5267,Fri Jan 12 22:35:52 +0000 2018,0.551,0.318,@FoxNews,0.131,Cornell student's comments on 'Fox &amp; Friends' about her school's liberal bias led to severe harassment https://t.co/ZN4XXy6OK4,68
368,-0.7003,Fri Jan 12 22:23:11 +0000 2018,0.655,0.345,@FoxNews,0.0,".@wikileaks founder @JulianAssange's poor hygiene sparks complaints at Ecuador Embassy, report says https://t.co/Myq9g4EjVg",69
369,0.0,Fri Jan 12 22:14:54 +0000 2018,1.0,0.0,@FoxNews,0.0,".@JesseBWatters on @POTUS' 's---hole' comments: ""The point he was making is that these countries that he was talkin‚Ä¶ https://t.co/doFs8zUkb8",70
370,0.2023,Fri Jan 12 22:06:13 +0000 2018,0.781,0.0,@FoxNews,0.219,Wallace: Trump's 'S***hole' Remark Makes It Tougher to Reach Immigration Deal https://t.co/OwQQWDe95E,71
371,-0.7506,Fri Jan 12 22:04:40 +0000 2018,0.726,0.274,@FoxNews,0.0,".@marc_lotter on #DonaldTrump canceling London trip: ""The one thing that we know is that [@POTUS] hates a bad deal.‚Ä¶ https://t.co/bf0f7rK8cn",72
372,0.0757,Fri Jan 12 21:58:32 +0000 2018,0.736,0.104,@FoxNews,0.16,".@marc_lotter on UK lawmakers not welcoming @POTUS: ""I can't tell you the number of times we welcomed a political o‚Ä¶ https://t.co/qruOIHsKki",73
373,0.357,Fri Jan 12 21:50:40 +0000 2018,0.659,0.101,@FoxNews,0.24,OPINION: Trump thinks words don't matter. He's wrong https://t.co/AxkOsrUmRV,74
374,0.0,Fri Jan 12 21:47:17 +0000 2018,1.0,0.0,@FoxNews,0.0,"South Carolina authorities searching for escaped inmate, sheriff says https://t.co/ugCAYxQl81",75
375,0.0,Fri Jan 12 21:42:58 +0000 2018,1.0,0.0,@FoxNews,0.0,"Moments ago, former @WhiteHouse Communications Director Anthony @Scaramucci defended President @realDonaldTrump aga‚Ä¶ https://t.co/ETipqrQO2M",76
376,0.0,Fri Jan 12 21:40:49 +0000 2018,1.0,0.0,@FoxNews,0.0,"DOG-GONE IT: Roscoe, a K-9 officer with @VacavillePolice‚Äã, was trying his hardest to get around in his new protecti‚Ä¶ https://t.co/HNhmzDmafw",77
377,-0.34,Fri Jan 12 21:31:00 +0000 2018,0.821,0.179,@FoxNews,0.0,"Trump rep, former porn star deny ‚Äòhush money‚Äô claims - via @brookefoxnews
https://t.co/HwJN49596E",78
378,0.3182,Fri Jan 12 21:24:00 +0000 2018,0.795,0.075,@FoxNews,0.13,Petty Officer 2nd Class Derick Arneberg had a tank full of fishy friends looking on as he re-enlisted in the @USCG. https://t.co/RSEBzyEUiL,79
379,0.0,Fri Jan 12 21:15:05 +0000 2018,1.0,0.0,@FoxNews,0.0,RT @FoxBusiness: #BreakingNews: Dow closes at a record high. This is the 77th record close for the Dow under @POTUS. https://t.co/zgW0LgVsL‚Ä¶,80
380,0.357,Fri Jan 12 21:07:15 +0000 2018,0.659,0.101,@FoxNews,0.24,OPINION: #Trump thinks words don't matter. He's wrong https://t.co/AxkOsrUmRV,81
381,0.0258,Fri Jan 12 20:30:39 +0000 2018,0.761,0.117,@FoxNews,0.122,Baltimore hospital video fallout: Woman who identifies as patient's mom says she was mocked by security https://t.co/3XQNIjViSc,82
382,0.0,Fri Jan 12 20:16:27 +0000 2018,1.0,0.0,@FoxNews,0.0,"Megyn Kelly irks embattled NBC execs by trying to explore gender gap issues of sister network E!, report says https://t.co/MkUf28MzOB",83
383,-0.6908,Fri Jan 12 20:07:57 +0000 2018,0.695,0.305,@FoxNews,0.0,"Moments ago, @HillaryClinton slammed President @realDonaldTrump, accusing him of ""ignorant, racist views of anyone‚Ä¶ https://t.co/LJCnhgtoaH",84
384,0.34,Fri Jan 12 19:54:21 +0000 2018,0.882,0.0,@FoxNews,0.118,'She's So Out of It': @IngrahamAngle Takes on @NancyPelosi for Saying Companies Just Giving Out 'Crumbs' After Tax‚Ä¶ https://t.co/o4T0yn9kym,85
385,0.6249,Fri Jan 12 19:51:56 +0000 2018,0.711,0.059,@FoxNews,0.23,Trump warns that fresh waivers for Iran nuclear sanctions mark ‚Äúlast chance‚Äù to fix and save nuclear deal ‚Äì via‚Ä¶ https://t.co/jINiLcvgvA,86
386,-0.7003,Fri Jan 12 19:46:31 +0000 2018,0.674,0.326,@FoxNews,0.0,".@WikiLeaks founder @JulianAssange's poor hygiene sparks complaints at Ecuador Embassy, report says https://t.co/yat3Cw9Nsw #FoxNews",87
387,0.5106,Fri Jan 12 19:41:02 +0000 2018,0.798,0.0,@FoxNews,0.202,"At a @WhiteHouse event honoring Martin Luther King Day, @SecretaryCarson offered a message of unity. https://t.co/lHSmlAHccT",88
388,-0.5423,Fri Jan 12 19:35:45 +0000 2018,0.72,0.28,@FoxNews,0.0,Teen cell phone addiction: How bad has it gotten? https://t.co/IpKbE5ywrb,89
389,0.0,Fri Jan 12 19:24:10 +0000 2018,1.0,0.0,@FoxNews,0.0,Dow milestones since election. https://t.co/XtWFxn5LuN,90
390,-0.3089,Fri Jan 12 19:21:13 +0000 2018,0.883,0.117,@FoxNews,0.0,".@GroverNorquist: ""When the politicians don't take money out of your wallet, that is not a favor from them."" https://t.co/qfwc9WI0Tj",91
391,-0.1531,Fri Jan 12 19:15:37 +0000 2018,0.714,0.17,@FoxNews,0.116,Sex offender's sentence delayed so he can finish college https://t.co/HA7fM24PFF,92
392,0.0,Fri Jan 12 19:15:05 +0000 2018,1.0,0.0,@FoxNews,0.0,.@BernieSanders slammed @POTUS after it was reported the President used vulgar language in reference to immigration‚Ä¶ https://t.co/ze2IwborNZ,93
393,0.0,Fri Jan 12 19:09:43 +0000 2018,1.0,0.0,@FoxNews,0.0,BREAKING NEWS: @POTUS recertifies Iran deal. https://t.co/FNKFPDAj9j,94
394,0.4215,Fri Jan 12 19:07:18 +0000 2018,0.781,0.0,@FoxNews,0.219,RT @FoxBusiness: Medicaid work requirement approved in first US state https://t.co/DvYvZnAva4,95
395,0.0,Fri Jan 12 19:07:15 +0000 2018,1.0,0.0,@FoxNews,0.0,RT @FoxBusiness: U.S. markets today: https://t.co/Z39y0C5W5j,96
396,-0.2023,Fri Jan 12 19:04:42 +0000 2018,0.893,0.107,@FoxNews,0.0,.@RepGutierrez responded to @POTUS's alleged controversial comments during an immigration meeting in the Oval Offic‚Ä¶ https://t.co/MLxGVreMIB,97
397,-0.0258,Fri Jan 12 18:50:15 +0000 2018,0.787,0.11,@FoxNews,0.102,Doctors warn against eating Tide Pods in latest social media challenge https://t.co/cDh0HmdRna,98
398,0.3818,Fri Jan 12 18:37:30 +0000 2018,0.794,0.0,@FoxNews,0.206,"Trump waives Iran nuclear sanctions, keeping deal alive for now
https://t.co/9RsKv6ffxd",99
399,-0.5267,Fri Jan 12 18:35:32 +0000 2018,0.551,0.318,@FoxNews,0.131,Cornell student's comments on 'Fox &amp; Friends' about her school's liberal bias led to severe harassment https://t.co/kQOYiUOoSr,100
400,0.0,Sat Jan 13 04:32:03 +0000 2018,1.0,0.0,@nytimes,0.0,The discovery of a Cold War-era tunnel in Berlin offered a window into a city ‚Äî and a family ‚Äî divided by politics https://t.co/txfdQpL0Iq,1
401,0.0,Sat Jan 13 04:20:13 +0000 2018,1.0,0.0,@nytimes,0.0,"John V. Tunney, Boxer‚Äôs Son Who Lasted One Term in the Senate, Dies at 83 https://t.co/GCaqvo8JRv",2
402,-0.5574,Sat Jan 13 04:18:05 +0000 2018,0.833,0.167,@nytimes,0.0,"John Tunney has died. The former California senator's campaign became the basis for Robert Redford's 1972 film ""The‚Ä¶ https://t.co/yK1fgMafsG",3
403,0.6808,Sat Jan 13 04:03:00 +0000 2018,0.579,0.095,@nytimes,0.326,"Read about the adventures, the challenges and the love stories of those our readers lost in 2017 https://t.co/ZaWk7jPtle",4
404,0.5267,Sat Jan 13 03:48:03 +0000 2018,0.833,0.0,@nytimes,0.167,"RT @DLeonhardt: We cannot know his private thoughts. But his behavior is clear, and we shouldn‚Äôt be afraid to admit it: President Donald Tr‚Ä¶",5
405,0.6124,Sat Jan 13 03:33:04 +0000 2018,0.762,0.0,@nytimes,0.238,Walmart‚Äôs quiet shuttering of 63 Sam‚Äôs Club stores surprised the ardent customer base of the membership-only chain https://t.co/rvPVZ6VGGY,6
406,0.25,Sat Jan 13 03:18:08 +0000 2018,0.748,0.103,@nytimes,0.15,"Social movements have long inspired art. #MeToo is no exception. Here, reader Libby VanderPloeg showcases the conce‚Ä¶ https://t.co/3Ea7E3UDPK",7
407,0.0,Sat Jan 13 03:03:06 +0000 2018,1.0,0.0,@nytimes,0.0,"Porn star was reportedly paid to stay quiet about Trump
https://t.co/ew2Yw6DzPW",8
408,0.0,Sat Jan 13 02:48:03 +0000 2018,1.0,0.0,@nytimes,0.0,"RT @nytgraphics: How Republicans responded to Trump‚Äôs vulgar comments about Haiti and African countries (many others remained silent) 

htt‚Ä¶",9
409,-0.4404,Sat Jan 13 02:33:04 +0000 2018,0.423,0.38,@nytimes,0.197,"In the flu battle, hydration and elevation may be your best weapons https://t.co/zDN8Tlp4uO",10
410,0.0,Sat Jan 13 02:18:05 +0000 2018,1.0,0.0,@nytimes,0.0,Evening Briefing: Here's what you need to know at the end of the day https://t.co/ECzxbk8DTK,11
411,0.2023,Sat Jan 13 02:03:02 +0000 2018,0.913,0.0,@nytimes,0.087,"‚ÄúI didn‚Äôt realize that it was the global elite,‚Äù Treasury Secretary Steven Mnuchin said of the World Economic Forum‚Ä¶ https://t.co/IeHddshXtL",12
412,0.0,Sat Jan 13 01:48:04 +0000 2018,1.0,0.0,@nytimes,0.0,RT @mega2e: ‚ÄúWas the Trump lawyer Michael Cohen?‚Äù he asked. ‚ÄúYep!‚Äù responded Ms. Clifford. New details following Wall Street Journal report‚Ä¶,13
413,0.7003,Sat Jan 13 01:33:07 +0000 2018,0.766,0.0,@nytimes,0.234,Media companies are bracing for the changes to Facebook‚Äôs News Feed that will favor posts by friends over news orga‚Ä¶ https://t.co/A1z9I1NPKf,14
414,0.4588,Sat Jan 13 01:18:03 +0000 2018,0.812,0.0,@nytimes,0.188,A photo essay satisfying to the eyes. Inside one of America‚Äôs last pencil factories. https://t.co/wkpETcl3hV,15
415,0.872,Sat Jan 13 01:04:15 +0000 2018,0.602,0.0,@nytimes,0.398,"Uber paid a hacker a $100,000 bounty over a security breach. But what was initially celebrated as a win has turned‚Ä¶ https://t.co/Bs6quJSLne",16
416,-0.8126,Sat Jan 13 00:48:06 +0000 2018,0.714,0.286,@nytimes,0.0,"RT @NYTObits: Edgar Ray Killen, the former Klansman who was sentenced to a 60-year prison term in 2005 for arranging the murders of three y‚Ä¶",17
417,-0.5574,Sat Jan 13 00:33:04 +0000 2018,0.833,0.167,@nytimes,0.0,South Korea is drawing up a bill to ban virtual currency trading. But many politicians and ordinary citizens alread‚Ä¶ https://t.co/9IP7q64gDJ,18
418,0.0,Sat Jan 13 00:18:06 +0000 2018,1.0,0.0,@nytimes,0.0,"RT @NYTNational: The $130,000 payment was reportedly made a month before the election. Mr. Trump ‚Äúvehemently denies‚Äù the encounter happened‚Ä¶",19
419,0.0,Sat Jan 13 00:03:04 +0000 2018,1.0,0.0,@nytimes,0.0,"Recipes to cook over a long weekend
https://t.co/XxWhFe97YN",20
420,0.0,Sat Jan 13 04:32:03 +0000 2018,1.0,0.0,@nytimes,0.0,The discovery of a Cold War-era tunnel in Berlin offered a window into a city ‚Äî and a family ‚Äî divided by politics https://t.co/txfdQpL0Iq,21
421,0.0,Sat Jan 13 04:20:13 +0000 2018,1.0,0.0,@nytimes,0.0,"John V. Tunney, Boxer‚Äôs Son Who Lasted One Term in the Senate, Dies at 83 https://t.co/GCaqvo8JRv",22
422,-0.5574,Sat Jan 13 04:18:05 +0000 2018,0.833,0.167,@nytimes,0.0,"John Tunney has died. The former California senator's campaign became the basis for Robert Redford's 1972 film ""The‚Ä¶ https://t.co/yK1fgMafsG",23
423,0.6808,Sat Jan 13 04:03:00 +0000 2018,0.579,0.095,@nytimes,0.326,"Read about the adventures, the challenges and the love stories of those our readers lost in 2017 https://t.co/ZaWk7jPtle",24
424,0.5267,Sat Jan 13 03:48:03 +0000 2018,0.833,0.0,@nytimes,0.167,"RT @DLeonhardt: We cannot know his private thoughts. But his behavior is clear, and we shouldn‚Äôt be afraid to admit it: President Donald Tr‚Ä¶",25
425,0.6124,Sat Jan 13 03:33:04 +0000 2018,0.762,0.0,@nytimes,0.238,Walmart‚Äôs quiet shuttering of 63 Sam‚Äôs Club stores surprised the ardent customer base of the membership-only chain https://t.co/rvPVZ6VGGY,26
426,0.25,Sat Jan 13 03:18:08 +0000 2018,0.748,0.103,@nytimes,0.15,"Social movements have long inspired art. #MeToo is no exception. Here, reader Libby VanderPloeg showcases the conce‚Ä¶ https://t.co/3Ea7E3UDPK",27
427,0.0,Sat Jan 13 03:03:06 +0000 2018,1.0,0.0,@nytimes,0.0,"Porn star was reportedly paid to stay quiet about Trump
https://t.co/ew2Yw6DzPW",28
428,0.0,Sat Jan 13 02:48:03 +0000 2018,1.0,0.0,@nytimes,0.0,"RT @nytgraphics: How Republicans responded to Trump‚Äôs vulgar comments about Haiti and African countries (many others remained silent) 

htt‚Ä¶",29
429,-0.4404,Sat Jan 13 02:33:04 +0000 2018,0.423,0.38,@nytimes,0.197,"In the flu battle, hydration and elevation may be your best weapons https://t.co/zDN8Tlp4uO",30
430,0.0,Sat Jan 13 02:18:05 +0000 2018,1.0,0.0,@nytimes,0.0,Evening Briefing: Here's what you need to know at the end of the day https://t.co/ECzxbk8DTK,31
431,0.2023,Sat Jan 13 02:03:02 +0000 2018,0.913,0.0,@nytimes,0.087,"‚ÄúI didn‚Äôt realize that it was the global elite,‚Äù Treasury Secretary Steven Mnuchin said of the World Economic Forum‚Ä¶ https://t.co/IeHddshXtL",32
432,0.0,Sat Jan 13 01:48:04 +0000 2018,1.0,0.0,@nytimes,0.0,RT @mega2e: ‚ÄúWas the Trump lawyer Michael Cohen?‚Äù he asked. ‚ÄúYep!‚Äù responded Ms. Clifford. New details following Wall Street Journal report‚Ä¶,33
433,0.7003,Sat Jan 13 01:33:07 +0000 2018,0.766,0.0,@nytimes,0.234,Media companies are bracing for the changes to Facebook‚Äôs News Feed that will favor posts by friends over news orga‚Ä¶ https://t.co/A1z9I1NPKf,34
434,0.4588,Sat Jan 13 01:18:03 +0000 2018,0.812,0.0,@nytimes,0.188,A photo essay satisfying to the eyes. Inside one of America‚Äôs last pencil factories. https://t.co/wkpETcl3hV,35
435,0.872,Sat Jan 13 01:04:15 +0000 2018,0.602,0.0,@nytimes,0.398,"Uber paid a hacker a $100,000 bounty over a security breach. But what was initially celebrated as a win has turned‚Ä¶ https://t.co/Bs6quJSLne",36
436,-0.8126,Sat Jan 13 00:48:06 +0000 2018,0.714,0.286,@nytimes,0.0,"RT @NYTObits: Edgar Ray Killen, the former Klansman who was sentenced to a 60-year prison term in 2005 for arranging the murders of three y‚Ä¶",37
437,-0.5574,Sat Jan 13 00:33:04 +0000 2018,0.833,0.167,@nytimes,0.0,South Korea is drawing up a bill to ban virtual currency trading. But many politicians and ordinary citizens alread‚Ä¶ https://t.co/9IP7q64gDJ,38
438,0.0,Sat Jan 13 00:18:06 +0000 2018,1.0,0.0,@nytimes,0.0,"RT @NYTNational: The $130,000 payment was reportedly made a month before the election. Mr. Trump ‚Äúvehemently denies‚Äù the encounter happened‚Ä¶",39
439,0.0,Sat Jan 13 00:03:04 +0000 2018,1.0,0.0,@nytimes,0.0,"Recipes to cook over a long weekend
https://t.co/XxWhFe97YN",40
440,0.0,Fri Jan 12 23:48:06 +0000 2018,1.0,0.0,@nytimes,0.0,Evening Briefing: Here's what you need to know at the end of the day https://t.co/xem6tivjwR,41
441,0.0,Fri Jan 12 23:33:03 +0000 2018,1.0,0.0,@nytimes,0.0,"Saudi women were allowed to attend soccer games at a public stadium for the first time, marking a new step in the g‚Ä¶ https://t.co/kat7HJqFDz",42
442,0.4939,Fri Jan 12 23:18:03 +0000 2018,0.678,0.093,@nytimes,0.229,"Social movements have long inspired art. #MeToo is no exception. Here, reader Olga Prudnikova shares her work, ""If‚Ä¶ https://t.co/pVRjnDg3fj",43
443,0.0,Fri Jan 12 22:56:01 +0000 2018,1.0,0.0,@nytimes,0.0,RT @kchangnyt: First step for Martian beer. Hops grows in red planet soil. https://t.co/hPwXhIbcJr,44
444,-0.2263,Fri Jan 12 22:40:09 +0000 2018,0.622,0.212,@nytimes,0.166,"Opinion: Nobody is coming to save us from President Trump's racism, @rgay writes https://t.co/N8MHzkstr3",45
445,-0.8225,Fri Jan 12 22:25:05 +0000 2018,0.725,0.275,@nytimes,0.0,"""A country tainted at its founding by slavery and struggling with that legacy ever since is now led by a chief exec‚Ä¶ https://t.co/twMgFcfIey",46
446,0.0,Fri Jan 12 22:10:02 +0000 2018,1.0,0.0,@nytimes,0.0,RT @NYTSports: Billie Jean King says Margaret Court Arena's name should change. https://t.co/CoY4cqGp8i,47
447,0.0,Fri Jan 12 21:55:03 +0000 2018,1.0,0.0,@nytimes,0.0,"36 Hours in Kigali, Rwanda https://t.co/YkeHlva7fY",48
448,-0.1027,Fri Jan 12 21:40:16 +0000 2018,0.928,0.072,@nytimes,0.0,President Trump offered a vague denial about his language on immigrants. But a Democrat who was there said he used‚Ä¶ https://t.co/vCQ88ohqbg,49
449,0.0,Fri Jan 12 21:25:03 +0000 2018,1.0,0.0,@nytimes,0.0,"""I really think the ‚ÄòGolden Girls‚Äô were early trendsetters"" https://t.co/0pynRhNSq8",50
450,-0.6124,Fri Jan 12 21:15:12 +0000 2018,0.773,0.227,@nytimes,0.0,"RT @nytimesmusic: Black Eyed Peas get serious about injustice, and 12 more new songs. Hear the Playlist. https://t.co/kSpuQJHkoz https://t.‚Ä¶",51
451,0.1531,Fri Jan 12 21:08:05 +0000 2018,0.763,0.106,@nytimes,0.131,RT @karenyourish: President Trump‚Äôs job approval rating has fallen across many groups during his first year in office. 1/5 https://t.co/Hwp‚Ä¶,52
452,0.0,Fri Jan 12 20:58:07 +0000 2018,1.0,0.0,@nytimes,0.0,"In New York, opioid addiction treatment is sharply segregated by income. People without money are often dependent o‚Ä¶ https://t.co/IcP3edObLY",53
453,0.296,Fri Jan 12 20:48:08 +0000 2018,0.772,0.089,@nytimes,0.138,Jeff Bezos is the world‚Äôs richest person and can afford virtually any luxury. But obscurity is no longer among them. https://t.co/mTChj8GPKW,54
454,0.4939,Fri Jan 12 20:38:06 +0000 2018,0.678,0.093,@nytimes,0.229,"Social movements have long inspired art. #MeToo is no exception. Here, reader Graciella Delgado shares her work, ""P‚Ä¶ https://t.co/MYiHiLaTxC",55
455,0.0,Fri Jan 12 20:24:03 +0000 2018,1.0,0.0,@nytimes,0.0,"Analysis: President Trump ""has said so many things on so many occasions that have rubbed the raw edges of race in A‚Ä¶ https://t.co/cCZu611Hlg",56
456,0.3818,Fri Jan 12 20:18:05 +0000 2018,0.867,0.0,@nytimes,0.133,"RT @nytimesvows: Fred Nelson III, musical conductor for @ArethaFranklin, married Lynda Cartwright, over the holidays. They met, fittingly,‚Ä¶",57
457,0.3182,Fri Jan 12 20:08:03 +0000 2018,0.843,0.054,@nytimes,0.103,RT @nytimesbusiness: Home values are up. College tuition may be up even more. Should you borrow against your home to pay for college? https‚Ä¶,58
458,0.0,Fri Jan 12 19:58:03 +0000 2018,1.0,0.0,@nytimes,0.0,"""I ran into Coretta Scott King at La Guardia Airport. It was a year or two after Martin Luther King Jr.‚Äôs death."" https://t.co/lr66em1m0l",59
459,-0.1779,Fri Jan 12 19:48:04 +0000 2018,0.571,0.248,@nytimes,0.181,Why it's still worth getting a flu shot https://t.co/KExn0f1DT6,60
460,0.0,Fri Jan 12 19:38:02 +0000 2018,1.0,0.0,@nytimes,0.0,RT @nytimesbusiness: GM says it can have driverless cars ‚Äî¬†without steering wheels or brake pedals ‚Äî in mass production next year https://t‚Ä¶,61
461,0.3612,Fri Jan 12 19:28:09 +0000 2018,0.898,0.0,@nytimes,0.102,"RT @nytimesworld: We'd like to hear from women in Saudi Arabia. For the first time, women have been allowed to attend a professional footba‚Ä¶",62
462,0.0,Fri Jan 12 19:18:05 +0000 2018,1.0,0.0,@nytimes,0.0,"New week, new weekly news quiz https://t.co/s7KUcxYSbO",63
463,0.3612,Fri Jan 12 19:08:05 +0000 2018,0.762,0.0,@nytimes,0.238,What the aftermath of a deadly mudslide looks like https://t.co/TWQRAYPEUz,64
464,-0.1655,Fri Jan 12 19:00:33 +0000 2018,0.872,0.128,@nytimes,0.0,"President Trump again stopped short of imposing sanctions on Iran that could end the nuclear deal, but set a 120-da‚Ä¶ https://t.co/2LfZyNmEHX",65
465,-0.25,Fri Jan 12 18:59:36 +0000 2018,0.795,0.121,@nytimes,0.083,"She left France to join Islamic militants in Syria, and now with the collapse of ISIS wants to return. But can she? https://t.co/wts5mEyihG",66
466,0.0,Fri Jan 12 18:43:05 +0000 2018,1.0,0.0,@nytimes,0.0,"RT @nytrealestate: What can you get for $250,000 in Ohio, Iowa and Arkansas? https://t.co/ZiW2K9uQHM",67
467,0.0258,Fri Jan 12 18:23:01 +0000 2018,0.861,0.067,@nytimes,0.072,"James Spader: ""I think that men should think hard and listen carefully and perhaps we‚Äôll learn a thing or two"" https://t.co/LrqVx6Bsrv",68
468,0.0,Fri Jan 12 18:13:04 +0000 2018,1.0,0.0,@nytimes,0.0,"""Trump is a troll,"" a woman in Rwanda said. ""He is trolling the world. Don‚Äôt feed the troll."" https://t.co/IhrZZ05Q7n",69
469,0.25,Fri Jan 12 18:04:13 +0000 2018,0.779,0.09,@nytimes,0.131,Social movements have long inspired art of all forms. #MeToo is no exception. We asked readers to submit work inspi‚Ä¶ https://t.co/r4sOyqERBX,70
470,-0.6249,Fri Jan 12 17:53:04 +0000 2018,0.671,0.237,@nytimes,0.092,"RT @nytopinion: We may not know Trump's private thoughts or motivations. But his public pattern of racism is abundantly clear, argues @DLeo‚Ä¶",71
471,-0.8271,Fri Jan 12 17:43:08 +0000 2018,0.64,0.293,@nytimes,0.067,"He acts, he sings, he dances. And in his latest role, Darren Criss plays the serial killer who murdered Gianni Vers‚Ä¶ https://t.co/n0B0dqtVJ1",72
472,0.0,Fri Jan 12 17:33:03 +0000 2018,1.0,0.0,@nytimes,0.0,"Until recently, Syrian cuisine hardly existed in Toronto. Now there's a Syrian-food boom. https://t.co/w60UZo8oo5",73
473,0.0772,Fri Jan 12 17:23:08 +0000 2018,0.936,0.0,@nytimes,0.064,"As part of its plan to build a border wall, the Trump administration is seeking new authority to acquire land https://t.co/vzAp8r0Uan",74
474,0.6705,Fri Jan 12 17:13:10 +0000 2018,0.784,0.0,@nytimes,0.216,"""They say they would love to date me and then wonder why, the next day, I think they want to date me."" https://t.co/Y7HEE4TDds",75
475,0.0,Fri Jan 12 17:03:04 +0000 2018,1.0,0.0,@nytimes,0.0,"With a book, a website and a new documentary series, Tom Brady seems to be pivoting toward a post-football life https://t.co/d2W5178RJ8",76
476,0.0,Fri Jan 12 16:53:04 +0000 2018,1.0,0.0,@nytimes,0.0,A look inside one of America's last pencil factories https://t.co/nIDpKg2Pij https://t.co/CUNvWhqBq4,77
477,0.0,Fri Jan 12 16:43:03 +0000 2018,1.0,0.0,@nytimes,0.0,Walmart said it would use its savings under the tax bill to raise wages. Then it closed 63 Sam‚Äôs Club stores. https://t.co/pAnlbeB9Jh,78
478,0.0,Fri Jan 12 16:33:05 +0000 2018,1.0,0.0,@nytimes,0.0,"As the population of Amish and Mennonites rises in New York State, horses and buggies have become a chronic traffic‚Ä¶ https://t.co/SYcMUJ4AM0",79
479,-0.3597,Fri Jan 12 16:32:36 +0000 2018,0.878,0.122,@nytimes,0.0,"With a $33 million donation, Jeff Bezos injected himself into one of the most contentious political debates in the‚Ä¶ https://t.co/3jAfplf9xv",80
480,-0.2023,Fri Jan 12 16:23:04 +0000 2018,0.878,0.122,@nytimes,0.0,"Inside the strange, global relay race that delivers a lifesaving isotope to America's hospitals https://t.co/NYPqPL7pIV",81
481,-0.5994,Fri Jan 12 16:06:06 +0000 2018,0.813,0.187,@nytimes,0.0,RT @nytimesworld: Norwegian journalists express disgust over what they call ‚Äúnativist‚Äù and ‚Äúderogatory‚Äù remarks by President Trump https://‚Ä¶,82
482,-0.3818,Fri Jan 12 15:56:02 +0000 2018,0.894,0.106,@nytimes,0.0,"RT @nytimesworld: Emilie K√∂nig, the daughter of a policeman from a small town in Brittany, converted to Islam and left France to fight in S‚Ä¶",83
483,-0.6812,Fri Jan 12 15:46:02 +0000 2018,0.725,0.225,@nytimes,0.049,"A mentally ill man was arrested for disorderly conduct. His bail was $500, and he couldn't pay. So he spent more th‚Ä¶ https://t.co/1tpccCz9cZ",84
484,-0.296,Fri Jan 12 15:36:05 +0000 2018,0.901,0.099,@nytimes,0.0,"President Trump said ""22 to 24 people"" immigrated to the U.S. with visas sponsored by the suspect in the Manhattan‚Ä¶ https://t.co/zqPhgPZorG",85
485,-0.5994,Fri Jan 12 15:26:52 +0000 2018,0.671,0.329,@nytimes,0.0,A hockey team named to avoid a trademark dispute... is facing a trademark dispute https://t.co/XAMOznVrUl,86
486,-0.1027,Fri Jan 12 15:16:25 +0000 2018,0.928,0.072,@nytimes,0.0,President Trump offered a vague denial about his language on immigrants. But a Democrat who was there said he used‚Ä¶ https://t.co/DrYipjTC99,87
487,0.0,Fri Jan 12 15:16:06 +0000 2018,1.0,0.0,@nytimes,0.0,Facebook is changing. What does that mean for your news feed? https://t.co/91HJFrQLKI,88
488,0.0,Fri Jan 12 15:00:31 +0000 2018,1.0,0.0,@nytimes,0.0,Morning¬†Briefing: Here's what you need to know to start your day https://t.co/eQCrlP7Rqn https://t.co/Xr4TXYXDQP,89
489,0.431,Fri Jan 12 14:46:03 +0000 2018,0.678,0.0,@nytimes,0.322,It isn't all bad out there https://t.co/92rJIoLemh,90
490,0.0,Fri Jan 12 14:30:20 +0000 2018,1.0,0.0,@nytimes,0.0,Opinion: Catherine Deneuve and the French feminist difference https://t.co/Dm75kQumfG,91
491,-0.34,Fri Jan 12 14:15:22 +0000 2018,0.769,0.231,@nytimes,0.0,Video: Trump contradicts his team. Then he doesn't. https://t.co/ulclkk1UQl,92
492,-0.0644,Fri Jan 12 14:00:12 +0000 2018,0.944,0.056,@nytimes,0.0,"""The language used by me at the DACA meeting was tough, but this was not the language used,"" President Trump tweeted https://t.co/9r34GCz8tE",93
493,-0.6369,Fri Jan 12 13:44:03 +0000 2018,0.641,0.269,@nytimes,0.09,"Bob Harper, the celebrity fitness trainer from ""The Biggest Loser,"" suffered a heart attack last year. His doctors‚Ä¶ https://t.co/UnOSOKM7ZY",94
494,-0.296,Fri Jan 12 13:29:05 +0000 2018,0.913,0.087,@nytimes,0.0,"Tons of rubbish is piling up in sites around the world ever since China said it no longer wanted to be the ""world's‚Ä¶ https://t.co/slwGe8J1ap",95
495,0.4215,Fri Jan 12 13:15:11 +0000 2018,0.851,0.0,@nytimes,0.149,"Haiti's government has summoned a United States official to explain Trump's remarks, the Haitian ambassador to the‚Ä¶ https://t.co/K2vHhBOI1E",96
496,0.0,Fri Jan 12 13:00:36 +0000 2018,1.0,0.0,@nytimes,0.0,Morning¬†Briefing: Here's what you need to know to start your day https://t.co/D609HmHgbA https://t.co/ZWforc8ROn,97
497,-0.4588,Fri Jan 12 12:45:19 +0000 2018,0.864,0.136,@nytimes,0.0,"Since the Golden Globes, several women have come forward to say that James Franco sexually exploited them or behave‚Ä¶ https://t.co/WiLJtuxvyj",98
498,0.0,Fri Jan 12 12:31:05 +0000 2018,1.0,0.0,@nytimes,0.0,"HBO has signed Ronan Farrow to a three-year deal to develop a new investigative series, the network announced https://t.co/7sNe8Huciw",99
499,0.4927,Fri Jan 12 12:14:03 +0000 2018,0.834,0.0,@nytimes,0.166,"""I probably have a very good relationship with Kim Jong-un,"" President Trump told The Wall Street Journal https://t.co/J4pDUFnfXC",100
